,week,hour_of_week,WindowsToAgentCalls,rate
10501,1,0.0,9,0.000130353547789059
10502,1,1.0,9,0.000127249848007126
10503,1,2.0,8,0.00011073430687244792
10504,1,3.0,6,7.598495497891418e-05
10505,1,4.0,14,0.00014307467476060542
10506,1,5.0,47,0.0004012498505984599
10507,1,6.0,226,0.001737352305835505
10508,1,7.0,328,0.0024559354268685325
10509,1,8.0,437,0.0032774836125819373
10510,1,9.0,475,0.0036972173574625414
10511,1,10.0,466,0.0037221339169468915
10512,1,11.0,579,0.00470636049583418
10513,1,12.0,535,0.004484568056463646
10514,1,13.0,438,0.00391242597207707
10515,1,14.0,397,0.003860928762460491
10516,1,15.0,314,0.0032727424330859668
10517,1,16.0,300,0.0029887324785558443
10518,1,17.0,312,0.00300459356131008
10519,1,18.0,204,0.0021470520133875007
10520,1,19.0,173,0.001918576926062703
10521,1,20.0,106,0.0012588326108900897
10522,1,21.0,83,0.001021060919200866
10523,1,22.0,20,0.0002455253013823074
10524,1,23.0,9,0.00011012003083360864
10525,1,24.0,9,0.00010802246867348409
10526,1,25.0,7,8.233356857210068e-05
10527,1,26.0,1,1.1510658870113726e-05
10528,1,27.0,12,0.00011304544426859598
10529,1,28.0,17,9.702088802648099e-05
10530,1,29.0,37,0.0001365706734779752
10531,1,30.0,220,0.0007683200681709442
10532,1,31.0,346,0.0013165755337648352
10533,1,32.0,374,0.0015267923480759968
10534,1,33.0,444,0.0020963964644556926
10535,1,34.0,436,0.0021950802009807376
10536,1,35.0,525,0.0027859439839529624
10537,1,36.0,514,0.0029457781955102673
10538,1,37.0,523,0.003585433405544739
10539,1,38.0,398,0.0038305326172739696
10540,1,39.0,369,0.0032252989301447452
10541,1,40.0,330,0.0030876615174452874
10542,1,41.0,278,0.0026952871256411
10543,1,42.0,263,0.002702286154636527
10544,1,43.0,202,0.0022138441979746614
10545,1,44.0,134,0.0015576505050739883
10546,1,45.0,89,0.0011012943301903135
10547,1,46.0,25,0.0003077870113881194
10548,1,47.0,9,0.00010930554543467172
10549,1,48.0,5,5.957984294753399e-05
10550,1,49.0,5,5.812128750276076e-05
10551,1,50.0,4,4.7214910468726025e-05
10552,1,51.0,8,8.838118806412056e-05
10553,1,52.0,18,0.00015491866769945777
10554,1,53.0,55,0.0003462974506211317
10555,1,54.0,237,0.001256621120778787
10556,1,55.0,325,0.0016589842932471682
10557,1,56.0,362,0.0018493259155951305
10558,1,57.0,395,0.00217848101963942
10559,1,58.0,417,0.002331510617598712
10560,1,59.0,451,0.0025344482657855103
10561,1,60.0,505,0.002975453977681149
10562,1,61.0,499,0.0032330588364875633
10563,1,62.0,429,0.0032885659092999724
10564,1,63.0,369,0.003402709257397896
10565,1,64.0,339,0.003361794543777705
10566,1,65.0,287,0.002940242390714161
10567,1,66.0,260,0.002713166160556825
10568,1,67.0,226,0.0024585527174622516
10569,1,68.0,136,0.0015557436683520556
10570,1,69.0,87,0.0010592575456880914
10571,1,70.0,17,0.00020684284810434613
10572,1,71.0,15,0.00018138724968559544
10573,1,72.0,13,0.0001547766453947995
10574,1,73.0,12,0.000137557888944931
10575,1,74.0,6,7.021321412689868e-05
10576,1,75.0,11,0.00012077692501948901
10577,1,76.0,24,0.00020903920356063444
10578,1,77.0,50,0.00032527729889730996
10579,1,78.0,251,0.0013655627914062032
10580,1,79.0,338,0.0017470770057787931
10581,1,80.0,410,0.002131519981700121
10582,1,81.0,478,0.0026400234177809444
10583,1,82.0,428,0.002436233855681605
10584,1,83.0,485,0.00282762561070883
10585,1,84.0,481,0.0029294971740401483
10586,1,85.0,497,0.003304147802442543
10587,1,86.0,471,0.0036818160499038507
10588,1,87.0,393,0.0035888116741395527
10589,1,88.0,324,0.0031252712909106695
10590,1,89.0,275,0.002689433947502249
10591,1,90.0,212,0.0022202905229203105
10592,1,91.0,184,0.0020489749557354594
10593,1,92.0,109,0.0013193570252735547
10594,1,93.0,91,0.001194884319441162
10595,1,94.0,21,0.00027731558513588466
10596,1,95.0,13,0.0001754528031959403
10597,1,96.0,16,0.00021523312437784174
10598,1,97.0,3,3.890344165780533e-05
10599,1,98.0,7,9.07417489823961e-05
10600,1,99.0,13,0.00014934803837095756
10601,1,100.0,17,0.00013759500125454265
10602,1,101.0,46,0.00024761135782532635
10603,1,102.0,223,0.0010251930856932695
10604,1,103.0,333,0.0015330009529465384
10605,1,104.0,401,0.0018867569424186248
10606,1,105.0,429,0.0022306224424535805
10607,1,106.0,464,0.0025361289053105664
10608,1,107.0,490,0.002763054020525544
10609,1,108.0,492,0.0029885923244202008
10610,1,109.0,459,0.0030998014506260383
10611,1,110.0,411,0.0033873719433295145
10612,1,111.0,341,0.0034048586634182385
10613,1,112.0,315,0.003535750364799641
10614,1,113.0,240,0.0029418975239029173
10615,1,114.0,215,0.0028254155989223995
10616,1,115.0,170,0.002311792863359443
10617,1,116.0,112,0.0015889003958064378
10618,1,117.0,86,0.0012967235114066434
10619,1,118.0,21,0.0003407320872274143
10620,1,119.0,18,0.0003091561753946035
10621,1,120.0,15,0.0002707630101626383
10622,1,121.0,4,7.30526892521231e-05
10623,1,122.0,6,0.00010743254131676485
10624,1,123.0,14,0.00023207625362619145
10625,1,124.0,16,0.00023430178069353328
10626,1,125.0,32,0.0004032817048734073
10627,1,126.0,62,0.0006872471318516877
10628,1,127.0,256,0.002535682801929496
10629,1,128.0,313,0.002945272508280638
10630,1,129.0,362,0.0033693224125093076
10631,1,130.0,417,0.004009268428693671
10632,1,131.0,415,0.004110009606528478
10633,1,132.0,386,0.003968090793206957
10634,1,133.0,385,0.004230118443316413
10635,1,134.0,365,0.004348447663751817
10636,1,135.0,340,0.004355289114339149
10637,1,136.0,256,0.003475993917010645
10638,1,137.0,214,0.002976480242569231
10639,1,138.0,93,0.0013147849690389346
10640,1,139.0,53,0.0007443924774224358
10641,1,140.0,50,0.0006986948380425365
10642,1,141.0,40,0.0006021375884389584
10643,1,142.0,17,0.00027822785224464414
10644,1,143.0,14,0.00024532566982669494
10645,1,144.0,14,0.0002507702228272551
10646,1,145.0,4,7.282127837754192e-05
10647,1,146.0,4,7.212275292547916e-05
10648,1,147.0,8,0.00013462574044157243
10649,1,148.0,14,0.00020994541419231
10650,1,149.0,22,0.00029462970403107
10651,1,150.0,50,0.0005998152569008746
10652,1,151.0,207,0.002262295081967213
10653,1,152.0,256,0.002629092552273754
10654,1,153.0,277,0.0028143256286512573
10655,1,154.0,294,0.003038979564412929
10656,1,155.0,320,0.0033176780400816976
10657,1,156.0,370,0.003835230217467919
10658,1,157.0,323,0.0035016966424908664
10659,1,158.0,288,0.003320841741135774
10660,1,159.0,315,0.0037780203173537067
10661,1,160.0,202,0.0022956632421129194
10662,1,161.0,190,0.0020048961674826947
10663,1,162.0,66,0.0007191109174112007
10664,1,163.0,41,0.0004560420003559352
10665,1,164.0,37,0.000421796625626995
10666,1,165.0,23,0.000276618519008503
10667,1,166.0,16,0.00018802735798058618
10668,1,167.0,8,9.2660157290617e-05
10669,2,0.0,9,0.0001012669622161712
10670,2,1.0,8,8.735531775496834e-05
10671,2,2.0,8,8.738394320043692e-05
10672,2,3.0,10,9.623434988884933e-05
10673,2,4.0,17,0.00010843911462652294
10674,2,5.0,54,0.00022580442827573228
10675,2,6.0,256,0.000932716865779857
10676,2,7.0,328,0.001233416563881953
10677,2,8.0,394,0.0015566723560275619
10678,2,9.0,441,0.001954198202669408
10679,2,10.0,524,0.002427690497259582
10680,2,11.0,539,0.0025759646724844917
10681,2,12.0,552,0.0028113492948708156
10682,2,13.0,545,0.0030390560524613565
10683,2,14.0,470,0.003222864509404593
10684,2,15.0,418,0.003520088928562406
10685,2,16.0,347,0.003065479345559914
10686,2,17.0,305,0.0028370245658422243
10687,2,18.0,267,0.0026323053868601625
10688,2,19.0,171,0.0017937125654285504
10689,2,20.0,120,0.0013598195972667627
10690,2,21.0,63,0.0007703595011005136
10691,2,22.0,16,0.00018945673281864253
10692,2,23.0,11,0.00012801415138255284
10693,2,24.0,6,6.824851559478581e-05
10694,2,25.0,5,5.554321261941791e-05
10695,2,26.0,3,3.305857980341164e-05
10696,2,27.0,11,0.00011266682371739064
10697,2,28.0,13,9.940357852882704e-05
10698,2,29.0,46,0.00024918878217108437
10699,2,30.0,224,0.0010373636144712225
10700,2,31.0,298,0.0013500412260911323
10701,2,32.0,357,0.0016613228224804434
10702,2,33.0,440,0.0022280511641567333
10703,2,34.0,484,0.002544007653047816
10704,2,35.0,491,0.0025985435454506964
10705,2,36.0,482,0.0026718255442043006
10706,2,37.0,465,0.002807513267764314
10707,2,38.0,431,0.0030610795454545457
10708,2,39.0,392,0.0032943114300841227
10709,2,40.0,334,0.0029499567221918004
10710,2,41.0,289,0.002625625743851584
10711,2,42.0,207,0.0020162272200414935
10712,2,43.0,188,0.0018807334860595631
10713,2,44.0,134,0.0014165054598885823
10714,2,45.0,61,0.0006855010900591104
10715,2,46.0,14,0.0001581366978798387
10716,2,47.0,17,0.0001893348777119437
10717,2,48.0,13,0.00013795445380648173
10718,2,49.0,2,2.0957989709627054e-05
10719,2,50.0,7,7.434865269620078e-05
10720,2,51.0,11,0.00010922884435882668
10721,2,52.0,13,0.00010427528675703858
10722,2,53.0,61,0.00036713149928078336
10723,2,54.0,230,0.0011502242937372787
10724,2,55.0,303,0.0014627011214041932
10725,2,56.0,339,0.0016680361949092913
10726,2,57.0,392,0.002069420615019137
10727,2,58.0,516,0.00277994774129246
10728,2,59.0,500,0.002695388728962491
10729,2,60.0,502,0.002867752070836904
10730,2,61.0,460,0.0028793910713838604
10731,2,62.0,440,0.0030946034336031734
10732,2,63.0,433,0.003452978093924194
10733,2,64.0,374,0.0031773541305603697
10734,2,65.0,334,0.002863020744042517
10735,2,66.0,292,0.00264310800535863
10736,2,67.0,202,0.001937984496124031
10737,2,68.0,129,0.0013271331865599473
10738,2,69.0,84,0.0009362565342903956
10739,2,70.0,27,0.00029948089977372555
10740,2,71.0,13,0.00014318126748463555
10741,2,72.0,9,9.537535500826587e-05
10742,2,73.0,8,8.298238698836172e-05
10743,2,74.0,11,0.00011626063520583417
10744,2,75.0,7,6.850387536209191e-05
10745,2,76.0,24,0.00017599436818021823
10746,2,77.0,53,0.00027544630096406204
10747,2,78.0,242,0.0010443729015441182
10748,2,79.0,382,0.001611929969660271
10749,2,80.0,394,0.0017011281847580642
10750,2,104.0,16,7.693528300163007e-05
10751,2,105.0,454,0.0023967902016682504
10752,2,106.0,469,0.0025992451659027803
10753,2,107.0,537,0.0030720296562415975
10754,2,108.0,527,0.003250518109148327
10755,2,109.0,572,0.003884233542937078
10756,2,110.0,419,0.0034154453121179023
10757,2,111.0,331,0.003272950203694182
10758,2,112.0,321,0.003550649293188505
10759,2,113.0,259,0.0031141785302039246
10760,2,114.0,187,0.002386817619053697
10761,2,115.0,149,0.001982305594359077
10762,2,116.0,113,0.0016143318380525157
10763,2,117.0,80,0.0012638430306955875
10764,2,118.0,18,0.00030453245808449085
10765,2,119.0,9,0.00016216800605427223
10766,2,120.0,12,0.00022240756185710315
10767,2,121.0,4,7.38320689591524e-05
10768,2,122.0,9,0.00016117189878404756
10769,2,123.0,15,0.0002484019474712682
10770,2,124.0,16,0.00023092021706500404
10771,2,125.0,25,0.0003040326895947852
10772,2,126.0,71,0.0007509413208105936
10773,2,127.0,286,0.0027732526568924054
10774,2,128.0,334,0.0031000556896231667
10775,2,129.0,345,0.0032181334825801037
10776,2,130.0,384,0.003666291126429758
10777,2,131.0,366,0.003604135893648449
10778,2,132.0,402,0.00410874897792314
10779,2,133.0,329,0.0035997986738735585
10780,2,134.0,355,0.004156032686319043
10781,2,135.0,273,0.003403905139522705
10782,2,136.0,256,0.0033105731429753774
10783,2,137.0,173,0.0023055599978676904
10784,2,138.0,73,0.0009892939422686
10785,2,139.0,50,0.0006730380939561179
10786,2,140.0,47,0.0006342352068011605
10787,2,141.0,37,0.0005388715737962774
10788,2,142.0,17,0.00026487177090149885
10789,2,143.0,10,0.0001691017316017316
10790,2,144.0,7,0.0001219405975089278
10791,2,145.0,7,0.00012256618574029977
10792,2,146.0,8,0.00013190436933223414
10793,2,147.0,5,7.918157919741552e-05
10794,2,148.0,13,0.00019009460862444617
10795,2,149.0,18,0.00023224907422938467
10796,2,150.0,59,0.0006878060153882023
10797,2,151.0,205,0.002182453077258839
10798,2,152.0,250,0.002532337955694215
10799,2,153.0,302,0.002991254048593021
10800,2,154.0,321,0.0031416379580331976
10801,2,155.0,324,0.0032042723631508676
10802,2,156.0,335,0.003371951403637681
10803,2,157.0,306,0.0032669271667414004
10804,2,158.0,261,0.0029912668760171453
10805,2,159.0,254,0.002947969498961247
10806,2,160.0,211,0.002371612584158527
10807,2,161.0,196,0.0019949312461195533
10808,2,162.0,66,0.0006941449921645755
10809,2,163.0,53,0.0005744447936876104
10810,2,164.0,57,0.0006315719493412815
10811,2,165.0,26,0.0002992564627886098
10812,2,166.0,17,0.0001896326703626446
10813,2,167.0,20,0.0002252150804017837
10814,3,0.0,6,6.65335994677312e-05
10815,3,1.0,2,2.1911804984935634e-05
10816,3,2.0,3,3.292217198542645e-05
10817,3,3.0,10,9.740512740590665e-05
10818,3,4.0,24,0.0001613011627125479
10819,3,5.0,60,0.0002957165458336003
10820,3,6.0,275,0.0012805409004763612
10821,3,7.0,419,0.002047808258678748
10822,3,8.0,452,0.0023315915175462576
10823,3,9.0,501,0.0028789297966360767
10824,3,10.0,525,0.003183786340646945
10825,3,11.0,559,0.0034398941571028583
10826,3,12.0,566,0.003639239488963331
10827,3,13.0,521,0.0036136639500606903
10828,3,14.0,511,0.0040643293458895394
10829,3,15.0,371,0.0034398034398034397
10830,3,16.0,330,0.003161222339304531
10831,3,17.0,300,0.002935363300131113
10832,3,18.0,237,0.002457766854369536
10833,3,19.0,159,0.001729463974939088
10834,3,20.0,145,0.0016996038164896734
10835,3,21.0,66,0.0008205179208573169
10836,3,22.0,16,0.0001972240711978897
10837,3,23.0,6,7.157683773530885e-05
10838,3,24.0,7,8.01777655602135e-05
10839,3,25.0,5,5.6254992630595965e-05
10840,3,26.0,7,7.816600225564749e-05
10841,3,27.0,12,0.00012009848075421846
10842,3,28.0,14,9.5486229521614e-05
10843,3,29.0,56,0.0002529038784616218
10844,3,30.0,227,0.0009050278884144469
10845,3,31.0,293,0.0011985012598579796
10846,3,32.0,361,0.0015468732592319623
10847,3,33.0,443,0.002143544929766242
10848,3,34.0,477,0.002420729974422476
10849,3,35.0,487,0.0025360884870956318
10850,3,36.0,487,0.0027023577655330084
10851,3,37.0,489,0.0030157447779511435
10852,3,38.0,469,0.003431598510291137
10853,3,39.0,423,0.003713327598012536
10854,3,40.0,294,0.00276789244760775
10855,3,41.0,281,0.002751503045257819
10856,3,42.0,204,0.00209751382919657
10857,3,43.0,174,0.0018813454863926822
10858,3,44.0,106,0.0012219301885922442
10859,3,45.0,50,0.0006240794827629247
10860,3,46.0,11,0.00013664935774801857
10861,3,47.0,10,0.00012145060603852413
10862,3,48.0,5,5.919191201714198e-05
10863,3,49.0,7,8.0413555427915e-05
10864,3,50.0,9,0.00010447865152887093
10865,3,51.0,9,9.906657273687918e-05
10866,3,52.0,21,0.00018488031200753608
10867,3,53.0,38,0.00024415474270587706
10868,3,54.0,221,0.0011806249298837003
10869,3,55.0,343,0.001732410727814536
10870,3,56.0,371,0.0018890020366598777
10871,3,57.0,412,0.0022621328838350837
10872,3,58.0,440,0.0024613594535782012
10873,3,59.0,440,0.0024753728530359886
10874,3,60.0,407,0.0024397115505655695
10875,3,61.0,424,0.002770571822500441
10876,3,62.0,439,0.0033268917433973704
10877,3,63.0,386,0.0034110691846130736
10878,3,64.0,327,0.0030891021765417173
10879,3,65.0,308,0.002977341272910061
10880,3,66.0,268,0.002730764919860201
10881,3,67.0,156,0.001672509729503715
10882,3,68.0,119,0.0013621327106440942
10883,3,69.0,77,0.0009282924241693591
10884,3,70.0,10,0.00012056327160493826
10885,3,71.0,17,0.00020188105643169295
10886,3,72.0,7,8.155561510409991e-05
10887,3,73.0,8,9.096491028585724e-05
10888,3,74.0,6,6.900438177824292e-05
10889,3,75.0,10,0.00010741253933984253
10890,3,76.0,15,0.00011885424507745335
10891,3,77.0,51,0.0002843031228746948
10892,3,78.0,215,0.001022300413675051
10893,3,79.0,281,0.001318679255908246
10894,3,80.0,372,0.0017689183919961198
10895,3,81.0,409,0.002125580766872122
10896,3,82.0,441,0.002342405507043151
10897,3,83.0,488,0.002636412749864938
10898,3,84.0,420,0.0024093068080126663
10899,3,85.0,426,0.0026708631402077754
10900,3,86.0,343,0.002569076705290201
10901,3,87.0,336,0.0030258548490224506
10902,3,88.0,296,0.00283264431174399
10903,3,89.0,243,0.002388253331760821
10904,3,90.0,244,0.0025883101729076057
10905,3,91.0,157,0.0017791174670806608
10906,3,92.0,133,0.001628225845942902
10907,3,93.0,77,0.0010307208352854562
10908,3,94.0,25,0.00032963265736663064
10909,3,95.0,8,0.00010481630941774541
10910,3,96.0,3,3.8585209003215434e-05
10911,3,97.0,7,8.705060127093877e-05
10912,3,98.0,5,6.235657986630749e-05
10913,3,99.0,12,0.00013591573224600747
10914,3,100.0,18,0.00014567703401558745
10915,3,101.0,27,0.00014881116414422558
10916,3,102.0,179,0.0008489407211727713
10917,3,103.0,279,0.0013426694578791598
10918,3,104.0,288,0.001481771128101172
10919,3,105.0,323,0.0018640135732505396
10920,3,106.0,416,0.0023903237854454563
10921,3,107.0,417,0.002416354723191211
10922,3,108.0,433,0.00274161685746125
10923,3,109.0,413,0.0029530374099073333
10924,3,110.0,357,0.003077347447180822
10925,3,111.0,315,0.003320228094399882
10926,3,112.0,287,0.003377146017438782
10927,3,113.0,241,0.0029470388984677845
10928,3,114.0,207,0.0026639898073433457
10929,3,115.0,159,0.002198045260378506
10930,3,116.0,132,0.0019006753156992902
10931,3,117.0,70,0.001088359220734798
10932,3,118.0,28,0.00047134079622927365
10933,3,119.0,18,0.00031997724606250223
10934,3,120.0,8,0.00014608937017220286
10935,3,121.0,13,0.00023702299123014932
10936,3,122.0,4,7.189977171822479e-05
10937,3,123.0,11,0.0001821885817447041
10938,3,124.0,22,0.00032227349300520034
10939,3,125.0,31,0.00039185448294168953
10940,3,126.0,64,0.000709471443774388
10941,3,127.0,269,0.0027420998980632006
10942,3,128.0,313,0.0030671239588437042
10943,3,129.0,360,0.003595146552154591
10944,3,130.0,407,0.004163214369738444
10945,3,131.0,384,0.00408310826616762
10946,3,132.0,409,0.004504851802491436
10947,3,133.0,361,0.004188323742342677
10948,3,134.0,313,0.0039057138222338686
10949,3,135.0,250,0.0033678651776212097
10950,3,136.0,255,0.003562099263832819
10951,3,137.0,220,0.003116014900216705
10952,3,138.0,89,0.001269777860210298
10953,3,139.0,63,0.0008948228108799091
10954,3,140.0,65,0.000921724333522405
10955,3,141.0,42,0.0006445276533055061
10956,3,142.0,25,0.0004059166409586127
10957,3,143.0,15,0.0002637826431020839
10958,3,144.0,13,0.00023491994651053525
10959,3,145.0,12,0.00021904205607476635
10960,3,146.0,9,0.00016185303744200267
10961,3,147.0,5,8.423322495325056e-05
10962,3,148.0,7,0.00010732574898040539
10963,3,149.0,21,0.0002848114141564835
10964,3,150.0,56,0.00067947971267715
10965,3,151.0,215,0.002429405981988497
10966,3,152.0,223,0.0023276446949532905
10967,3,153.0,271,0.002787176929168681
10968,3,154.0,303,0.0031312974732599598
10969,3,155.0,282,0.0029001902607085927
10970,3,156.0,280,0.00299548537561247
10971,3,157.0,269,0.002933254822423588
10972,3,158.0,319,0.0036529784943773905
10973,3,159.0,242,0.0028520583139856927
10974,3,160.0,202,0.0022466161734120763
10975,3,161.0,180,0.001864145237626736
10976,3,162.0,61,0.0006638299724673798
10977,3,163.0,60,0.0006752194463200541
10978,3,164.0,41,0.0004719967766073793
10979,3,165.0,24,0.0002917720287881735
10980,3,166.0,15,0.0001808427271083248
10981,3,167.0,10,0.00011863099827985053
10982,4,0.0,5,5.8868546535586034e-05
10983,4,1.0,9,0.00010210217023835185
10984,4,2.0,9,9.95784512231553e-05
10985,4,3.0,9,8.442301559011687e-05
10986,4,4.0,25,0.00015103732434359178
10987,4,5.0,43,0.0001714718666507158
10988,4,6.0,237,0.000852754180114636
10989,4,7.0,328,0.0012616112468027002
10990,4,8.0,400,0.0016200038070089465
10991,4,9.0,478,0.002185642432556013
10992,4,10.0,583,0.0028208403491455226
10993,4,11.0,520,0.00259950609384217
10994,4,12.0,504,0.002686051717154491
10995,4,13.0,539,0.003161049304158627
10996,4,14.0,472,0.0033444816053511705
10997,4,15.0,398,0.003450637674374247
10998,4,16.0,387,0.003635168138267894
10999,4,17.0,316,0.00309294495341007
11000,4,18.0,246,0.002591383124407458
11001,4,19.0,178,0.0019765259779917165
11002,4,20.0,98,0.0011669584062682337
11003,4,21.0,61,0.0007800511508951407
11004,4,22.0,12,0.00015331936423570297
11005,4,23.0,12,0.00015234419632088766
11006,4,24.0,9,0.0001117124273869222
11007,4,25.0,2,2.3931460297707365e-05
11008,4,26.0,15,0.0001785437967933534
11009,4,27.0,10,0.00010984182776801405
11010,4,28.0,19,0.00015730430103075714
11011,4,29.0,60,0.0003505102845559327
11012,4,30.0,254,0.0012680978532201698
11013,4,31.0,338,0.0016484427580690786
11014,4,32.0,424,0.002101204723746091
11015,4,33.0,435,0.002365351676137136
11016,4,34.0,432,0.0024286445127813037
11017,4,35.0,501,0.0028639372563366754
11018,4,36.0,484,0.0029281868231592957
11019,4,37.0,491,0.003272569733728797
11020,4,38.0,449,0.0034783282333346243
11021,4,39.0,409,0.0037722275510956985
11022,4,40.0,357,0.0035523448461148095
11023,4,41.0,299,0.0031274514931227447
11024,4,42.0,251,0.00278060885363584
11025,4,43.0,166,0.001948356807511737
11026,4,44.0,131,0.0015901145853563798
11027,4,45.0,66,0.000857811281518066
11028,4,46.0,18,0.00023376016207371237
11029,4,47.0,15,0.00019406673308061532
11030,4,48.0,6,7.632713811395642e-05
11031,4,49.0,4,4.9369307101774825e-05
11032,4,50.0,8,9.875933584346645e-05
11033,4,51.0,14,0.0001630637346254193
11034,4,52.0,16,0.00015005298746119725
11035,4,53.0,55,0.0003855023095092906
11036,4,54.0,243,0.0013921432704481784
11037,4,55.0,301,0.0016460860339717158
11038,4,56.0,385,0.002096961312425449
11039,4,57.0,432,0.0025368638021246235
11040,4,58.0,479,0.002875408950385689
11041,4,59.0,465,0.0027902622846547576
11042,4,60.0,514,0.00326334702584647
11043,4,61.0,481,0.003323429834864921
11044,4,62.0,438,0.0035433739715721095
11045,4,63.0,378,0.0036186792777958606
11046,4,64.0,302,0.0030536821137142683
11047,4,65.0,278,0.0028668069133358084
11048,4,66.0,224,0.0024637314532715933
11049,4,67.0,171,0.002008739780095856
11050,4,68.0,111,0.0014144451806921861
11051,4,69.0,88,0.001221848879509039
11052,4,70.0,22,0.0003040647934432574
11053,4,71.0,11,0.00014549494735728268
11054,4,72.0,6,7.652280379553107e-05
11055,4,73.0,3,3.7799085262136654e-05
11056,4,74.0,4,5.055164482414347e-05
11057,4,75.0,7,8.077824064991864e-05
11058,4,76.0,24,0.00019823406487209772
11059,4,77.0,35,0.00019493937385473117
11060,4,78.0,194,0.0008927338824720446
11061,4,79.0,315,0.0014132975597062137
11062,4,80.0,377,0.0017215555190238734
11063,4,81.0,412,0.0020479071085241648
11064,4,82.0,454,0.002334886495715946
11065,4,83.0,449,0.0023200657265836128
11066,4,84.0,462,0.0025476864029645805
11067,4,85.0,397,0.0024143425325662575
11068,4,86.0,429,0.0031762249566878414
11069,4,87.0,380,0.0034508436404584175
11070,4,88.0,14,0.0001395756899026958
11071,4,89.0,24,0.0002549611184294395
11072,4,90.0,15,0.0001721822376803609
11073,4,91.0,11,0.00013100540695043232
11074,4,92.0,14,0.0001753155680224404
11075,4,93.0,11,0.00015175762926990783
11076,4,94.0,8,0.0001120244213238486
11077,4,95.0,8,0.00011157134290057598
11078,4,96.0,4,5.448477831505823e-05
11079,4,97.0,2,2.6144474365342883e-05
11080,4,98.0,3,3.8348949877922506e-05
11081,4,99.0,1,1.1490026656861844e-05
11082,4,100.0,2,1.6547935231381504e-05
11083,4,101.0,6,3.4355209967591584e-05
11084,4,102.0,9,4.4421411120159916e-05
11085,4,103.0,15,7.394735933979798e-05
11086,4,104.0,10,5.0447723546474966e-05
11087,4,105.0,18,0.00010026291163495388
11088,4,106.0,22,0.00012919896640826872
11089,4,107.0,22,0.00013212022940876198
11090,4,108.0,14,9.04287615135191e-05
11091,4,109.0,29,0.0002073353828555087
11092,4,110.0,13,0.00011399408984488035
11093,4,111.0,17,0.00018369838885707186
11094,4,112.0,275,0.003389788723713729
11095,4,113.0,236,0.003220260349862184
11096,4,114.0,173,0.002530164533820841
11097,4,115.0,186,0.0028512738755863505
11098,4,116.0,112,0.0017771289846563953
11099,4,117.0,86,0.0014639793000136184
11100,4,118.0,25,0.00046528075040479423
11101,4,119.0,7,0.00013677752159130875
11102,4,120.0,10,0.00019868470723808388
11103,4,121.0,3,5.905511811023622e-05
11104,4,122.0,7,0.00013430029546065002
11105,4,123.0,3,5.3574298623140524e-05
11106,4,124.0,16,0.00024518066750436727
11107,4,125.0,38,0.0004928536224741252
11108,4,126.0,68,0.000781492420672773
11109,4,127.0,239,0.0024950672832997527
11110,4,128.0,267,0.0026520983362304444
11111,4,129.0,306,0.0030530999940135296
11112,4,130.0,322,0.0033139163905069676
11113,4,131.0,363,0.0038466836923924676
11114,4,132.0,389,0.00430585995439552
11115,4,133.0,360,0.004226691557183615
11116,4,134.0,320,0.004031851627860095
11117,4,135.0,244,0.003353122251539138
11118,4,136.0,238,0.003479990057171265
11119,4,137.0,189,0.002827055972716666
11120,4,138.0,67,0.0010327871379464493
11121,4,139.0,66,0.0010049792152025947
11122,4,140.0,40,0.0006089206880803775
11123,4,141.0,30,0.0005077173030056864
11124,4,142.0,31,0.0005683589094842601
11125,4,143.0,5,9.578177081337879e-05
11126,4,144.0,6,0.00011835486734391952
11127,4,145.0,6,0.00011775557867053952
11128,4,146.0,3,5.692707641511224e-05
11129,4,147.0,5,8.94518391298125e-05
11130,4,148.0,12,0.00019403974580793298
11131,4,149.0,26,0.00036724719974010197
11132,4,150.0,32,0.0004037651096474626
11133,4,151.0,181,0.0020946407286109407
11134,4,152.0,218,0.002349441738155796
11135,4,153.0,271,0.002851280972171077
11136,4,154.0,298,0.0031162095180332326
11137,4,155.0,286,0.002995203485327692
11138,4,156.0,351,0.0037659731982876087
11139,4,157.0,335,0.003714092486446334
11140,4,158.0,258,0.00303886925795053
11141,4,159.0,237,0.0029246982747982327
11142,4,160.0,234,0.0028803899604869583
11143,4,161.0,181,0.002185488837102597
11144,4,162.0,61,0.0007718880888810154
11145,4,163.0,50,0.00063973796333022
11146,4,164.0,31,0.0003953627772322055
11147,4,165.0,22,0.00029205219769278765
11148,4,166.0,19,0.00024893221182821057
11149,4,167.0,13,0.00016864500227022118
11150,5,0.0,9,0.0001137297024072787
11151,5,1.0,1,1.2073940813542133e-05
11152,5,2.0,7,8.103164864677147e-05
11153,5,3.0,10,9.727815716259071e-05
11154,5,4.0,18,0.00010852853396038708
11155,5,5.0,53,0.00020849806647547787
11156,5,6.0,251,0.0009005259645673529
11157,5,7.0,315,0.0012153762457606518
11158,5,8.0,405,0.0016593804160333022
11159,5,9.0,459,0.0021508500309272553
11160,5,10.0,404,0.002007413517246862
11161,5,11.0,479,0.002466796100505204
11162,5,12.0,416,0.0022902318309192308
11163,5,13.0,461,0.002813445952543697
11164,5,14.0,456,0.003358744890067396
11165,5,15.0,392,0.0035025956735795275
11166,5,16.0,345,0.003346752679827327
11167,5,17.0,306,0.0031763167182212626
11168,5,18.0,246,0.002757445663748557
11169,5,19.0,166,0.0019949765049453783
11170,5,20.0,124,0.0015638991537287644
11171,5,21.0,61,0.0008209296692057169
11172,5,22.0,14,0.00019024323957059382
11173,5,23.0,18,0.00023895814249870565
11174,5,24.0,11,0.00014216294458229943
11175,5,25.0,8,9.911907918375439e-05
11176,5,26.0,5,6.107541592358243e-05
11177,5,27.0,10,0.00011418914289629342
11178,5,28.0,17,0.00014431116883557865
11179,5,29.0,47,0.00028183033813644186
11180,5,30.0,244,0.001250326673464891
11181,5,31.0,289,0.0014422956955708046
11182,5,32.0,389,0.0019878277488489505
11183,5,33.0,373,0.0020829843078125874
11184,5,34.0,405,0.0023270646234464687
11185,5,35.0,431,0.0025177439612115546
11186,5,36.0,427,0.00265228922996652
11187,5,37.0,442,0.0030454824195737702
11188,5,38.0,389,0.0032167103554919746
11189,5,39.0,309,0.0030651417008064597
11190,5,40.0,343,0.003618868760616579
11191,5,41.0,268,0.0029829814231492717
11192,5,42.0,195,0.0022803550337375605
11193,5,43.0,138,0.0016802629976865944
11194,5,44.0,107,0.0013662423228673214
11195,5,45.0,61,0.0008335724729772202
11196,5,46.0,20,0.0002790490010045764
11197,5,47.0,12,0.00016353452622684965
11198,5,48.0,12,0.00015787188696372894
11199,5,49.0,6,7.526058979215533e-05
11200,5,50.0,9,0.00011187768040275965
11201,5,51.0,6,7.074470593783899e-05
11202,5,52.0,17,0.00016240124571308476
11203,5,53.0,41,0.00029090393075067403
11204,5,54.0,233,0.0013732620572998013
11205,5,55.0,234,0.0013031565347174266
11206,5,56.0,328,0.001845402528426513
11207,5,57.0,408,0.0024736267733721355
11208,5,58.0,423,0.0026385718028369325
11209,5,59.0,442,0.002767880066879998
11210,5,60.0,440,0.0029152200991174834
11211,5,61.0,445,0.003206629436137633
11212,5,62.0,360,0.003054730589732711
11213,5,63.0,345,0.003489677634706614
11214,5,64.0,335,0.0035661819497966743
11215,5,65.0,259,0.0028220885634588563
11216,5,66.0,172,0.001961455126012088
11217,5,67.0,144,0.0017143469409621772
11218,5,68.0,98,0.001221077289208418
11219,5,69.0,79,0.001043083301424667
11220,5,70.0,25,0.00032671624041087833
11221,5,71.0,13,0.0001658565213508376
11222,5,72.0,13,0.00016132835283751753
11223,5,73.0,5,5.994341341773366e-05
11224,5,74.0,5,5.9897455556087976e-05
11225,5,75.0,12,0.00013134276082483253
11226,5,76.0,13,0.00010240897417718328
11227,5,77.0,48,0.00025926886180969663
11228,5,78.0,209,0.0009485125598493272
11229,5,79.0,286,0.0012879865977338642
11230,5,80.0,351,0.0016246765690163532
11231,5,81.0,376,0.0019131063046011225
11232,5,82.0,447,0.0023581546253066393
11233,5,83.0,382,0.002051072786237409
11234,5,84.0,458,0.002624792251704969
11235,5,85.0,441,0.002764647617137054
11236,5,86.0,356,0.0026847459672249834
11237,5,87.0,339,0.0031429922398687176
11238,5,88.0,281,0.002826194092148008
11239,5,89.0,247,0.002608346709470305
11240,5,90.0,220,0.0024940482938442354
11241,5,91.0,125,0.0015026025075430647
11242,5,92.0,79,0.0010373035360233195
11243,5,93.0,76,0.0010791009385338426
11244,5,94.0,28,0.0003921458782667152
11245,5,95.0,18,0.0002490591100287802
11246,5,96.0,11,0.00014899697942487167
11247,5,97.0,5,6.577389565629193e-05
11248,5,98.0,5,6.58718134510243e-05
11249,5,99.0,7,8.292954542762028e-05
11250,5,100.0,17,0.00014453815807373148
11251,5,101.0,44,0.0002575494172944434
11252,5,102.0,205,0.0010507593658539087
11253,5,103.0,267,0.0013688517026054323
11254,5,104.0,346,0.001809216546487976
11255,5,105.0,374,0.002173407717340772
11256,5,106.0,377,0.0022736867498944573
11257,5,107.0,433,0.002668145546415257
11258,5,108.0,451,0.002966792969161141
11259,5,109.0,467,0.003438500901962228
11260,5,110.0,410,0.0036781526702491275
11261,5,111.0,341,0.003735758106923751
11262,5,112.0,293,0.003616658849087812
11263,5,113.0,252,0.0033578509753757597
11264,5,114.0,186,0.0025967136215778526
11265,5,115.0,137,0.0019831217520953058
11266,5,116.0,110,0.0016582747912081285
11267,5,117.0,65,0.0010572887862324734
11268,5,118.0,27,0.00046520443150295494
11269,5,119.0,8,0.00014691838683611255
11270,5,120.0,11,0.00020749627449870786
11271,5,121.0,8,0.00015050041387613817
11272,5,122.0,6,0.00011124295461287452
11273,5,123.0,1,1.7210519069255127e-05
11274,5,124.0,19,0.0002859809145368614
11275,5,125.0,30,0.0003856784727132481
11276,5,126.0,65,0.0007348701540966185
11277,5,127.0,237,0.0024466789172671527
11278,5,128.0,293,0.0029377851305960796
11279,5,129.0,336,0.0034371643394199786
11280,5,130.0,341,0.0036025566531086577
11281,5,131.0,371,0.004046154517297038
11282,5,132.0,330,0.003731174528515219
11283,5,133.0,360,0.004332182096054104
11284,5,134.0,335,0.004292120435618193
11285,5,135.0,244,0.003384564168007546
11286,5,136.0,244,0.0035571105765726365
11287,5,137.0,196,0.0029692021026798566
11288,5,138.0,73,0.0011044708374309707
11289,5,139.0,67,0.0009976324841048853
11290,5,140.0,45,0.0006740361283364788
11291,5,141.0,27,0.0004324774551104419
11292,5,142.0,26,0.00044367843552157814
11293,5,143.0,14,0.0002527805864509606
11294,5,144.0,12,0.00022595040388634694
11295,5,145.0,9,0.00017115146905010936
11296,5,146.0,1,1.8665422305179655e-05
11297,5,147.0,4,7.017174534673614e-05
11298,5,148.0,9,0.00014165197683203224
11299,5,149.0,22,0.00030629150597964554
11300,5,150.0,51,0.0006381620931716656
11301,5,151.0,167,0.0019238079878350824
11302,5,152.0,210,0.0022774596564289432
11303,5,153.0,257,0.0027453451977823592
11304,5,154.0,282,0.0030786698399528373
11305,5,155.0,288,0.0031556456472908562
11306,5,156.0,305,0.003438905864180131
11307,5,157.0,305,0.003613315957824902
11308,5,158.0,254,0.003237112088192188
11309,5,159.0,173,0.002513621503814021
11310,5,160.0,146,0.002008087365554425
11311,5,161.0,126,0.001582338092905851
11312,5,162.0,45,0.0005803755674783326
11313,5,163.0,30,0.0003954757573360753
11314,5,164.0,29,0.00035001750087504374
11315,5,165.0,31,0.00038106945298094653
11316,5,166.0,13,0.0001585713937205728
11317,5,167.0,11,0.00013153489261969676
11318,6,0.0,4,4.718427819850426e-05
11319,6,1.0,4,4.5705405806871807e-05
11320,6,2.0,2,2.275804781465846e-05
11321,6,3.0,6,5.754457306722165e-05
11322,6,4.0,16,9.593591480890764e-05
11323,6,5.0,46,0.00018207942621231252
11324,6,6.0,236,0.0008591815931265472
11325,6,7.0,291,0.0011576422288789964
11326,6,8.0,403,0.001707026766010259
11327,6,9.0,429,0.002068765973863143
11328,6,10.0,463,0.0023688801796869804
11329,6,11.0,464,0.00242998093721851
11330,6,12.0,428,0.0024222119095858472
11331,6,13.0,479,0.0030069240861524556
11332,6,14.0,407,0.0030908731906620695
11333,6,15.0,421,0.0038652221814175543
11334,6,16.0,352,0.003453485862292251
11335,6,17.0,291,0.0029735750342318778
11336,6,18.0,231,0.0025189191546899875
11337,6,19.0,178,0.002040863124584375
11338,6,20.0,103,0.0012572474824534634
11339,6,21.0,89,0.001151805357836159
11340,6,22.0,15,0.00019252737097457355
11341,6,23.0,7,8.798612333140602e-05
11342,6,24.0,12,0.000145366444579043
11343,6,25.0,7,8.38735187337495e-05
11344,6,26.0,4,4.793921307781733e-05
11345,6,27.0,10,0.00011102475852115021
11346,6,28.0,13,0.00010795817866248121
11347,6,29.0,40,0.00023784040908550363
11348,6,30.0,203,0.001029991526670692
11349,6,31.0,321,0.0015790561081432072
11350,6,32.0,413,0.002096382851283717
11351,6,33.0,409,0.002273131474812147
11352,6,34.0,412,0.002348930153535653
11353,6,35.0,480,0.0027622083856042906
11354,6,36.0,534,0.0032811261513127576
11355,6,37.0,446,0.0030110314470504045
11356,6,38.0,501,0.004021996547986995
11357,6,39.0,440,0.0042131872761744255
11358,6,40.0,344,0.003553608875757983
11359,6,41.0,272,0.002889866343681605
11360,6,42.0,193,0.0021764380842834107
11361,6,43.0,156,0.0018331374853113984
11362,6,44.0,110,0.0013658657726454337
11363,6,45.0,67,0.0008727026428562124
11364,6,46.0,15,0.00019264853201818603
11365,6,47.0,6,7.550018875047188e-05
11366,6,48.0,9,0.00011095084877399312
11367,6,49.0,4,4.727573572863728e-05
11368,6,50.0,3,3.634689476362403e-05
11369,6,51.0,8,9.258509148564352e-05
11370,6,52.0,27,0.0002531835486956359
11371,6,53.0,56,0.00038965195730527837
11372,6,54.0,223,0.0012843106764804128
11373,6,55.0,279,0.0015264085084964604
11374,6,56.0,365,0.0020089494570332497
11375,6,57.0,431,0.0025741639939557913
11376,6,58.0,446,0.002719280061458168
11377,6,59.0,493,0.0030230005579980745
11378,6,60.0,468,0.0030246039901506484
11379,6,61.0,447,0.0031875521453580825
11380,6,62.0,394,0.0032900505198112814
11381,6,63.0,349,0.0034281897390057267
11382,6,64.0,333,0.003466186466259329
11383,6,65.0,274,0.0028760667163505445
11384,6,66.0,274,0.003010195113376692
11385,6,67.0,189,0.0021644278008726425
11386,6,68.0,128,0.0015384245571019928
11387,6,69.0,90,0.0011245080277378647
11388,6,70.0,21,0.00026039729186816456
11389,6,71.0,17,0.00020788749617853868
11390,6,72.0,10,0.00011972463334331038
11391,6,73.0,3,3.5410764872521244e-05
11392,6,74.0,5,5.904721415243629e-05
11393,6,75.0,10,0.00010920726446723236
11394,6,76.0,28,0.0002266197240095504
11395,6,77.0,47,0.00026573339590318256
11396,6,78.0,268,0.001278693061181646
11397,6,79.0,342,0.001595886160120578
11398,6,80.0,417,0.0020007484814462966
11399,6,81.0,478,0.002507659378016536
11400,6,82.0,513,0.0027893471948845657
11401,6,83.0,498,0.002758452607790136
11402,6,84.0,541,0.0031816043283933193
11403,6,85.0,539,0.003477352051250621
11404,6,86.0,471,0.003644044192739764
11405,6,87.0,400,0.0037674716497758352
11406,6,88.0,304,0.003088771705225511
11407,6,89.0,248,0.002628093042971441
11408,6,90.0,176,0.0020036429872495446
11409,6,91.0,155,0.0018847963811909482
11410,6,92.0,104,0.001358979719841104
11411,6,93.0,81,0.0011432765458933788
11412,6,94.0,23,0.0003202495161447528
11413,6,95.0,13,0.00017716723223898498
11414,6,96.0,12,0.00016419462536259647
11415,6,97.0,7,9.221932390061392e-05
11416,6,98.0,3,3.9502271380604385e-05
11417,6,99.0,10,0.0001192918833802548
11418,6,100.0,15,0.00012722754221833942
11419,6,101.0,50,0.00029041907472482793
11420,6,102.0,248,0.0012510214994098004
11421,6,103.0,298,0.0015041540899867756
11422,6,104.0,418,0.0021822434297766595
11423,6,105.0,422,0.002453459843490192
11424,6,106.0,446,0.0027417976602506964
11425,6,107.0,474,0.0029667461554349663
11426,6,108.0,429,0.0028893753157097153
11427,6,109.0,434,0.0032564246858000374
11428,6,110.0,397,0.0036310754202718274
11429,6,111.0,337,0.0037886027138536948
11430,6,112.0,282,0.0035736462597103064
11431,6,113.0,281,0.0038406341830110025
11432,6,114.0,216,0.0031120331950207467
11433,6,115.0,154,0.002269812961516353
11434,6,116.0,113,0.00174538939173952
11435,6,117.0,81,0.0013375165125495377
11436,6,118.0,23,0.00041059697229363037
11437,6,119.0,15,0.00027935561970388306
11438,6,120.0,3,5.8253558321520804e-05
11439,6,121.0,5,9.661649050259898e-05
11440,6,122.0,10,0.00019067231056705945
11441,6,123.0,7,0.0001232242505325048
11442,6,124.0,9,0.00013865779256794233
11443,6,125.0,26,0.0003398737238395273
11444,6,126.0,83,0.0009541107228250873
11445,6,127.0,258,0.002754379784133491
11446,6,128.0,295,0.003056488043433213
11447,6,129.0,315,0.003306774163071206
11448,6,130.0,374,0.0040823900538133236
11449,6,131.0,384,0.004341435839457321
11450,6,132.0,369,0.004354804446857223
11451,6,133.0,351,0.0044315943639210145
11452,6,134.0,315,0.0042738521654184305
11453,6,135.0,257,0.0037777451124503896
11454,6,136.0,257,0.003913924127743174
11455,6,137.0,235,0.0036557099077516608
11456,6,138.0,76,0.0011964735516372797
11457,6,139.0,48,0.0007353391751945585
11458,6,140.0,46,0.000696315582331749
11459,6,141.0,30,0.0004837149306675266
11460,6,142.0,21,0.00035728868926092284
11461,6,143.0,15,0.00027482090837470917
11462,6,144.0,9,0.0001698914582350165
11463,6,145.0,6,0.00011424436870465926
11464,6,146.0,6,0.00011247117926031455
11465,6,147.0,5,8.88746689418582e-05
11466,6,148.0,16,0.0002508269450845757
11467,6,149.0,36,0.0005051568090928226
11468,6,150.0,44,0.0005520494837082669
11469,6,151.0,193,0.002220253776157005
11470,6,152.0,235,0.002554708817550306
11471,6,153.0,265,0.0028609368758569314
11472,6,154.0,299,0.0032660819032846516
11473,6,155.0,334,0.003671782243524911
11474,6,156.0,331,0.0037095978840722644
11475,6,157.0,301,0.0035307089569746163
11476,6,158.0,328,0.004034986283506994
11477,6,159.0,272,0.0034868218644241618
11478,6,160.0,227,0.0026961861437411663
11479,6,161.0,195,0.0021874228793215622
11480,6,162.0,61,0.0007253011188661522
11481,6,163.0,47,0.0005609863811604063
11482,6,164.0,40,0.0004877335024142808
11483,6,165.0,17,0.00021364030512862402
11484,6,166.0,11,0.00013367846682951136
11485,6,167.0,12,0.00014462536005688598
11486,7,0.0,4,4.815505929091675e-05
11487,7,1.0,4,4.6870788952555044e-05
11488,7,2.0,3,3.4315519765739386e-05
11489,7,3.0,3,2.9178905596514093e-05
11490,7,4.0,19,0.0001176383178958839
11491,7,5.0,49,0.0002014073854855151
11492,7,6.0,277,0.0010300499406884602
11493,7,7.0,373,0.001487721313502367
11494,7,8.0,423,0.0018156610422667004
11495,7,9.0,476,0.0023359670216420475
11496,7,10.0,469,0.002455445959246927
11497,7,11.0,468,0.0025225710820644116
11498,7,12.0,496,0.002881024157619902
11499,7,13.0,517,0.0033311211767813767
11500,7,14.0,442,0.003453394796468474
11501,7,15.0,377,0.0036045511043120756
11502,7,16.0,359,0.003691592629154327
11503,7,17.0,298,0.0031096409303878704
11504,7,18.0,221,0.00244558301149756
11505,7,19.0,174,0.002052806682239683
11506,7,20.0,94,0.001195594108519244
11507,7,21.0,60,0.0008041170794467674
11508,7,22.0,15,0.00019478748685184465
11509,7,23.0,16,0.00020668897185154565
11510,7,24.0,10,0.0001267925293841687
11511,7,25.0,7,8.670878236095628e-05
11512,7,26.0,3,3.6902184609328875e-05
11513,7,27.0,8,9.196142218339406e-05
11514,7,28.0,13,0.00011223538349967193
11515,7,29.0,51,0.000312983283010531
11516,7,30.0,205,0.0010626827295913078
11517,7,31.0,288,0.0014719712147851331
11518,7,32.0,351,0.0018417365844444094
11519,7,33.0,367,0.0021341179754372904
11520,7,34.0,443,0.0026746200892345034
11521,7,35.0,427,0.0026056763469271935
11522,7,36.0,423,0.002758072088049658
11523,7,37.0,407,0.002917981072555205
11524,7,38.0,396,0.003442699911324396
11525,7,39.0,338,0.0035828996046090083
11526,7,40.0,283,0.0032715250161842228
11527,7,41.0,259,0.0031318395627516656
11528,7,42.0,185,0.0023292120967945006
11529,7,43.0,153,0.001969796454366382
11530,7,44.0,107,0.0014251085479875336
11531,7,45.0,60,0.0008322698773789047
11532,7,46.0,13,0.00017667124199883126
11533,7,47.0,8,0.0001062741607662367
11534,7,48.0,6,7.769605304050554e-05
11535,7,49.0,5,6.314087993130272e-05
11536,7,50.0,5,6.301117818300967e-05
11537,7,51.0,4,4.7714476572192006e-05
11538,7,52.0,19,0.00018015967836756367
11539,7,53.0,47,0.00033032758657042656
11540,7,54.0,237,0.0013846693152605749
11541,7,55.0,322,0.0017840916646350922
11542,7,56.0,379,0.0020993973234068953
11543,7,57.0,393,0.0023622899184919813
11544,7,58.0,453,0.0027889280173369123
11545,7,59.0,428,0.0026524705780278757
11546,7,60.0,493,0.0032279185490735286
11547,7,61.0,492,0.003513934320853629
11548,7,62.0,499,0.0042062849821296105
11549,7,63.0,465,0.004625116871232768
11550,7,64.0,348,0.003653044728803418
11551,7,65.0,270,0.002906194499757817
11552,7,66.0,246,0.002770894345573327
11553,7,67.0,182,0.0021270379243849705
11554,7,68.0,113,0.0013967688903721834
11555,7,69.0,60,0.000777826752054759
11556,7,70.0,18,0.0002258214254350199
11557,7,71.0,13,0.00015437046536757984
11558,7,72.0,6,7.247077012271717e-05
11559,7,73.0,2,2.365352319227949e-05
11560,7,74.0,4,4.7497476696550495e-05
11561,7,75.0,17,0.00018695288787225618
11562,7,76.0,29,0.00023593924157737587
11563,7,77.0,51,0.0002849607759873053
11564,7,78.0,223,0.0010411560099913627
11565,7,79.0,307,0.0014246005781929382
11566,7,80.0,365,0.0017415617753433023
11567,7,81.0,401,0.002121850295789106
11568,7,82.0,411,0.002274853186178191
11569,7,83.0,453,0.0025320842462996916
11570,7,84.0,419,0.0025044979348352353
11571,7,85.0,433,0.0028322867608581892
11572,7,86.0,354,0.002817910447761194
11573,7,87.0,328,0.0032176736611828874
11574,7,88.0,324,0.003405973067583336
11575,7,89.0,271,0.0029526164976084895
11576,7,90.0,191,0.0022382375344231556
11577,7,91.0,141,0.0017393235141736363
11578,7,92.0,104,0.0013923288038021286
11579,7,93.0,75,0.0010813616505904234
11580,7,94.0,21,0.0002980752853006302
11581,7,95.0,13,0.00017862295442366616
11582,7,96.0,9,0.0001224273257791139
11583,7,97.0,2,2.6598928063199053e-05
11584,7,98.0,7,9.335698376922154e-05
11585,7,99.0,5,6.0550280953303626e-05
11586,7,100.0,17,0.00014842235764549755
11587,7,101.0,51,0.0003107009046879284
11588,7,102.0,201,0.001070561165793174
11589,7,103.0,290,0.0015435630758421734
11590,7,104.0,355,0.0019384077754723162
11591,7,105.0,377,0.0023023884990503412
11592,7,106.0,416,0.002686436080903056
11593,7,107.0,385,0.002545017054919485
11594,7,108.0,384,0.00272979313286415
11595,7,109.0,420,0.0033440821688761496
11596,7,110.0,401,0.003887843943301468
11597,7,111.0,300,0.0035742794848271837
11598,7,112.0,260,0.003429581459155004
11599,7,113.0,211,0.0029884569081509806
11600,7,114.0,186,0.0027565356571225327
11601,7,115.0,147,0.0022127890173410407
11602,7,116.0,94,0.0014698983580922595
11603,7,117.0,72,0.0011946440126765004
11604,7,118.0,17,0.00030311675344126665
11605,7,119.0,7,0.0001304412641621944
11606,7,120.0,10,0.00019025151249952438
11607,7,121.0,8,0.00015316574448124678
11608,7,122.0,7,0.0001335852369229595
11609,7,123.0,8,0.00014480686384534626
11610,7,124.0,12,0.000187875751503006
11611,7,125.0,35,0.0004673833210923416
11612,7,126.0,74,0.000883244611014299
11613,7,127.0,259,0.002885600962609742
11614,7,128.0,303,0.0033033884261480092
11615,7,129.0,311,0.0034168314656119535
11616,7,130.0,338,0.0038622833179070538
11617,7,131.0,341,0.0040798746126512
11618,7,132.0,337,0.004207661189631924
11619,7,133.0,355,0.004696077782922151
11620,7,134.0,262,0.0037288473307430653
11621,7,135.0,272,0.004151214077499504
11622,7,136.0,236,0.0036919418675594074
11623,7,137.0,195,0.0031380753138075313
11624,7,138.0,74,0.001193490637549796
11625,7,139.0,36,0.0005629309940423136
11626,7,140.0,39,0.0006060982811674385
11627,7,141.0,26,0.00042650218992470594
11628,7,142.0,21,0.0003650015642924184
11629,7,143.0,12,0.00022218107757822627
11630,7,144.0,8,0.0001526397130373395
11631,7,145.0,8,0.00015512594287487154
11632,7,146.0,5,9.573775514111745e-05
11633,7,147.0,5,9.056330374932077e-05
11634,7,148.0,8,0.0001288867407765426
11635,7,149.0,27,0.00038421584392298605
11636,7,150.0,37,0.0004810254943512006
11637,7,151.0,188,0.002278207971304274
11638,7,152.0,206,0.0023867454524388832
11639,7,153.0,247,0.002875670892855064
11640,7,154.0,253,0.0030510968271004932
11641,7,155.0,265,0.0032199270959902796
11642,7,156.0,264,0.003288408360529135
11643,7,157.0,295,0.0037712211086111678
11644,7,158.0,260,0.003478167808219178
11645,7,159.0,244,0.003371143563740864
11646,7,160.0,210,0.0026100898616652373
11647,7,161.0,173,0.001976939514792764
11648,7,162.0,75,0.0008911385185713267
11649,7,163.0,41,0.0004897335133004456
11650,7,164.0,36,0.0004370311020467623
11651,7,165.0,29,0.00036584750466770957
11652,7,166.0,16,0.00019490090507107792
11653,7,167.0,12,0.0001436472024707319
11654,8,0.0,4,4.7590153597220734e-05
11655,8,1.0,5,5.75016675483589e-05
11656,8,2.0,6,7.083323495384034e-05
11657,8,3.0,8,8.261902303005267e-05
11658,8,4.0,24,0.00016858549743258336
11659,8,5.0,52,0.00026229508196721314
11660,8,6.0,227,0.0011012093898717843
11661,8,7.0,321,0.0016825663067407486
11662,8,8.0,392,0.0022066108259029093
11663,8,9.0,463,0.0029185577407967725
11664,8,10.0,468,0.0031130268199233715
11665,8,11.0,486,0.003286715178402359
11666,8,12.0,482,0.003423660191071492
11667,8,13.0,514,0.00396690643040163
11668,8,14.0,421,0.0037540683935975744
11669,8,15.0,408,0.0042798250306825695
11670,8,16.0,307,0.0033309824770791515
11671,8,17.0,312,0.003380867756057388
11672,8,18.0,234,0.00267156834762356
11673,8,19.0,148,0.0017795091921268742
11674,8,20.0,93,0.0011833867766071157
11675,8,21.0,72,0.0009589515463093684
11676,8,22.0,16,0.0002061457192552986
11677,8,23.0,12,0.00015170094686674335
11678,8,24.0,7,8.733515489513543e-05
11679,8,25.0,5,6.097114845255225e-05
11680,8,26.0,6,7.349698662354843e-05
11681,8,27.0,14,0.00015214414571062184
11682,8,28.0,24,0.00018193257881849952
11683,8,29.0,31,0.0001588651900745129
11684,8,30.0,202,0.0009001100629631445
11685,8,31.0,281,0.0012818524364319797
11686,8,32.0,362,0.001732397264535148
11687,8,33.0,388,0.0020956773953106516
11688,8,34.0,399,0.002271058518177006
11689,8,35.0,400,0.002349982962623521
11690,8,36.0,428,0.002688273349663966
11691,8,37.0,454,0.003149060137337865
11692,8,38.0,410,0.0034116912835448305
11693,8,39.0,385,0.0038322185061315495
11694,8,40.0,317,0.003365502011869499
11695,8,41.0,240,0.0026423860746253866
11696,8,42.0,210,0.002391854028565571
11697,8,43.0,143,0.0016853469103937583
11698,8,44.0,113,0.0013970106444793353
11699,8,45.0,63,0.0008323644435049149
11700,8,46.0,18,0.00023165426887338807
11701,8,47.0,6,7.556389557069632e-05
11702,8,48.0,6,7.355915995439332e-05
11703,8,49.0,8,9.541643309518982e-05
11704,8,50.0,8,9.754907938056334e-05
11705,8,51.0,7,8.10813941366569e-05
11706,8,52.0,0,0.0
11707,8,53.0,5,3.431591228852819e-05
11708,8,54.0,200,0.0011424393364712333
11709,8,55.0,299,0.0016189377818928035
11710,8,56.0,387,0.00212877141835584
11711,8,57.0,400,0.0023749725393800132
11712,8,58.0,432,0.002667489966038901
11713,8,59.0,448,0.0027884106681604582
11714,8,60.0,426,0.0028030926139167626
11715,8,61.0,449,0.0032432120078299373
11716,8,62.0,392,0.0032711372208685204
11717,8,63.0,376,0.0036974029677558926
11718,8,64.0,300,0.003071315956510166
11719,8,65.0,292,0.0030267222256773847
11720,8,66.0,210,0.0022657387926849006
11721,8,67.0,155,0.001740536534423321
11722,8,68.0,103,0.0012159705333742593
11723,8,69.0,77,0.0009641752545047019
11724,8,70.0,16,0.00019661575137938238
11725,8,71.0,6,7.240168454586044e-05
11726,8,72.0,11,0.00013118038495480238
11727,8,73.0,6,7.13818333234192e-05
11728,8,74.0,8,9.653907419027852e-05
11729,8,75.0,3,3.347728566167855e-05
11730,8,76.0,12,9.85084183652528e-05
11731,8,77.0,48,0.0002804967129291454
11732,8,78.0,247,0.0012416178229965717
11733,8,79.0,325,0.001622930763276822
11734,8,80.0,345,0.0017810956061145786
11735,8,81.0,408,0.002323303646675626
11736,8,82.0,408,0.00240557527445963
11737,8,83.0,468,0.002756281140676349
11738,8,84.0,451,0.0028421802232151297
11739,8,85.0,435,0.002993888338288735
11740,8,86.0,388,0.0031656930256845402
11741,8,87.0,340,0.0033436593401189947
11742,8,88.0,311,0.0032377620921564955
11743,8,89.0,264,0.0027988931649756688
11744,8,90.0,204,0.002308031724122326
11745,8,91.0,147,0.0017865824015556636
11746,8,92.0,93,0.0012250220635694246
11747,8,93.0,86,0.001230346643013491
11748,8,94.0,4,5.569789461958338e-05
11749,8,96.0,5,6.745362563237774e-05
11750,8,97.0,2,2.7149198419916653e-05
11751,8,98.0,1,1.355160450997398e-05
11752,8,99.0,2,2.4217179667255952e-05
11753,8,100.0,4,3.4877840364124654e-05
11754,8,101.0,6,3.622357188567841e-05
11755,8,102.0,8,4.1485384180585876e-05
11756,8,103.0,11,5.729136827412357e-05
11757,8,104.0,7,3.7236815507537795e-05
11758,8,105.0,19,0.00011367443641410999
11759,8,106.0,4,2.4661520629362006e-05
11760,8,107.0,11,6.754060111134989e-05
11761,8,108.0,22,0.00014480829356590424
11762,8,109.0,13,9.63291195518473e-05
11763,8,110.0,12,0.00010779153117870039
11764,8,111.0,13,0.00014172181098671084
11765,8,112.0,271,0.00331259396887873
11766,8,113.0,217,0.0028434031736048323
11767,8,114.0,203,0.0027783860724843973
11768,8,115.0,155,0.002179169947137555
11769,8,116.0,105,0.0015204610617162385
11770,8,117.0,73,0.0011523101450647978
11771,8,118.0,20,0.0003363605785401951
11772,8,119.0,11,0.00019086949731915114
11773,8,120.0,8,0.00014379178948882018
11774,8,121.0,9,0.00016357390814416314
11775,8,122.0,9,0.00016165535079211123
11776,8,123.0,7,0.00011899297941421457
11777,8,124.0,21,0.00030620279373596573
11778,8,125.0,32,0.00039511050747005806
11779,8,126.0,62,0.0006767893984215525
11780,8,127.0,273,0.002764025149591471
11781,8,128.0,273,0.002657089465078253
11782,8,129.0,334,0.003370503052626268
11783,8,130.0,332,0.0035149012757397704
11784,8,131.0,348,0.0038233355306526036
11785,8,132.0,327,0.0037033681397087136
11786,8,133.0,360,0.004331660830956936
11787,8,134.0,310,0.00402216080858407
11788,8,135.0,256,0.0035427132201325748
11789,8,136.0,207,0.003016261584193041
11790,8,137.0,212,0.003123756759544403
11791,8,138.0,84,0.0012391573729863693
11792,8,139.0,55,0.0008010369787798022
11793,8,140.0,55,0.000800990315298915
11794,8,141.0,31,0.00048706910096471106
11795,8,142.0,18,0.0002950190942913805
11796,8,143.0,16,0.00027695077200027695
11797,8,144.0,6,0.00010595278037754507
11798,8,145.0,4,7.362821433173192e-05
11799,8,146.0,5,9.175827200822154e-05
11800,8,147.0,7,0.00012168833878033517
11801,8,148.0,16,0.00024356085976983498
11802,8,149.0,23,0.000308749697962252
11803,8,150.0,46,0.0005549657368979828
11804,8,151.0,195,0.002163877668782458
11805,8,152.0,239,0.002541741997234925
11806,8,153.0,239,0.0025046634947915574
11807,8,154.0,293,0.0031380865169381702
11808,8,155.0,288,0.0030871145126539538
11809,8,156.0,297,0.003286561614730878
11810,8,157.0,294,0.0033667720214374053
11811,8,158.0,256,0.0030241101910150853
11812,8,159.0,212,0.0025895343724043583
11813,8,160.0,208,0.002347285387019963
11814,8,161.0,171,0.0017902384890805922
11815,8,162.0,56,0.0006214488636363636
11816,8,163.0,39,0.0004450124375271001
11817,8,164.0,34,0.00039639975749661895
11818,8,165.0,23,0.0002780027316790156
11819,8,166.0,16,0.00018544489389074977
11820,8,167.0,6,6.808896958692692e-05
11821,9,0.0,9,0.00010261555651836818
11822,9,1.0,4,4.54044973154591e-05
11823,9,2.0,5,5.628348867576208e-05
11824,9,3.0,7,6.643950682903217e-05
11825,9,4.0,13,7.99798204760645e-05
11826,9,5.0,36,0.00014721096558125842
11827,9,6.0,248,0.0009099047535185429
11828,9,7.0,316,0.0012372554854270098
11829,9,8.0,372,0.0015407937573001316
11830,9,9.0,383,0.0017861223423851962
11831,9,10.0,437,0.002154131298492601
11832,9,11.0,462,0.002336968617849989
11833,9,12.0,437,0.002356443011286122
11834,9,13.0,476,0.0028314288603498838
11835,9,14.0,411,0.0029507419931508326
11836,9,15.0,389,0.0034150067158872435
11837,9,16.0,331,0.0030795854189538713
11838,9,17.0,312,0.002948625864741239
11839,9,18.0,229,0.002401728405420145
11840,9,19.0,164,0.001812695500315011
11841,9,20.0,105,0.0012445476958088376
11842,9,21.0,66,0.0008250928229425811
11843,9,22.0,15,0.00018334270418265822
11844,9,23.0,7,8.264462809917356e-05
11845,9,24.0,9,0.0001041980225530831
11846,9,25.0,6,6.76773145641581e-05
11847,9,26.0,7,8.087623625103984e-05
11848,9,27.0,7,7.58889852558543e-05
11849,9,28.0,14,0.00011428944618599791
11850,9,29.0,60,0.0003526486855020248
11851,9,30.0,189,0.0009510917426114262
11852,9,31.0,272,0.0013371349916429063
11853,9,32.0,362,0.0018209805124903167
11854,9,56.0,19,0.00010230234110831126
11855,9,57.0,345,0.002018641717425266
11856,9,58.0,387,0.002310875445604858
11857,9,59.0,368,0.0022015889729108833
11858,9,60.0,457,0.0028429061094487748
11859,9,61.0,415,0.0028275533147100905
11860,9,62.0,392,0.0031530009812911217
11861,9,63.0,310,0.0029452562372926446
11862,9,64.0,319,0.0032293332793423904
11863,9,65.0,241,0.0024700215230091215
11864,9,66.0,208,0.0022478710067868413
11865,9,67.0,148,0.0016578546464736984
11866,9,68.0,105,0.0012211858295922402
11867,9,69.0,74,0.000911644409402257
11868,9,70.0,22,0.0002616586781479323
11869,9,71.0,10,0.0001169248757673195
11870,9,72.0,6,6.850331670225034e-05
11871,9,73.0,8,8.943643864101331e-05
11872,9,74.0,3,3.428845736230327e-05
11873,9,75.0,8,8.462295186011826e-05
11874,9,76.0,21,0.0001654976751517062
11875,9,77.0,52,0.000281916162470453
11876,9,78.0,229,0.0010420411264965121
11877,9,79.0,285,0.0012856659524078042
11878,9,80.0,366,0.001697800744991256
11879,9,81.0,348,0.001767951310214491
11880,9,82.0,346,0.0018155105467520202
11881,9,83.0,412,0.0021602915344886347
11882,9,84.0,411,0.002289808402649715
11883,9,85.0,401,0.0024717383532428467
11884,9,86.0,370,0.002718709127514806
11885,9,87.0,355,0.003206025521769365
11886,9,88.0,309,0.002981215448291831
11887,9,89.0,305,0.0030807458435183127
11888,9,90.0,211,0.0022611584418367895
11889,9,91.0,147,0.0016785228998481337
11890,9,92.0,93,0.001133731561623796
11891,9,93.0,95,0.001253877120042236
11892,9,94.0,16,0.00020315654481506407
11893,9,95.0,22,0.00027525116668960424
11894,9,96.0,6,7.527286413248025e-05
11895,9,97.0,7,8.598557899003796e-05
11896,9,98.0,6,7.371007371007371e-05
11897,9,99.0,8,9.036382735990783e-05
11898,9,100.0,15,0.00012336236460980485
11899,9,101.0,44,0.00025375587531359037
11900,9,102.0,206,0.0010312736229243116
11901,9,103.0,314,0.0015630755752018557
11902,9,104.0,364,0.001861683084256503
11903,9,105.0,399,0.0022640224699974464
11904,9,106.0,420,0.0024704138531397783
11905,9,107.0,404,0.0024368176608963146
11906,9,108.0,426,0.0027515469377737013
11907,9,109.0,389,0.0028186159074276686
11908,9,110.0,410,0.0031220968306909735
11909,9,111.0,332,0.0033969059507244002
11910,9,112.0,295,0.0035889824322351454
11911,9,113.0,227,0.002987549682819615
11912,9,114.0,174,0.0023721881390593048
11913,9,115.0,121,0.0017037934044890027
11914,9,116.0,90,0.0013246202755210173
11915,9,117.0,79,0.0012559219102731233
11916,9,118.0,21,0.0003441607394539316
11917,9,119.0,10,0.0001751742984269348
11918,9,120.0,11,0.00019771015690997
11919,9,121.0,10,0.0001830261544374691
11920,9,122.0,12,0.00021540505124845177
11921,9,123.0,13,0.00021969479323340037
11922,9,124.0,17,0.00024656262690723443
11923,9,125.0,43,0.0005442624610789054
11924,9,126.0,62,0.0006892411677079396
11925,9,127.0,231,0.0023669972948602343
11926,9,128.0,241,0.0023826236542130916
11927,9,129.0,303,0.003012227855651655
11928,9,130.0,340,0.0035650250076018917
11929,9,131.0,339,0.0036786249104759426
11930,9,132.0,317,0.003594022811274121
11931,9,133.0,334,0.004024290327244687
11932,9,134.0,286,0.003715154191889013
11933,9,135.0,253,0.003565288464248471
11934,9,136.0,212,0.0031033624639526885
11935,9,137.0,190,0.0028438430797323795
11936,9,138.0,68,0.0010183604396920957
11937,9,139.0,35,0.0005141539229944325
11938,9,140.0,38,0.0005594240876234781
11939,9,141.0,19,0.0002972279582003629
11940,9,142.0,21,0.0003449748661168972
11941,9,143.0,8,0.00013873233330443077
11942,9,144.0,5,8.869808944315339e-05
11943,9,145.0,3,5.5050922102945225e-05
11944,9,146.0,4,7.181070697641019e-05
11945,9,147.0,2,3.391957668368299e-05
11946,9,148.0,9,0.00013947865976505594
11947,9,149.0,17,0.00022785149443774294
11948,9,150.0,31,0.0003684335631091039
11949,9,151.0,159,0.0017799370865004647
11950,9,152.0,170,0.0018184346486677292
11951,9,153.0,241,0.0025429720062044294
11952,9,154.0,268,0.002862055340189451
11953,9,155.0,282,0.0030468040969791263
11954,9,156.0,284,0.003142288116840009
11955,9,157.0,319,0.003626895877390454
11956,9,158.0,333,0.003933008928993244
11957,9,159.0,240,0.0029546825562928583
11958,9,160.0,223,0.0025110067673321398
11959,9,161.0,175,0.001810394769510883
11960,9,162.0,73,0.0008000526061987637
11961,9,163.0,33,0.00036632069711938723
11962,9,164.0,34,0.0003884071878177228
11963,9,165.0,19,0.00022659781273479706
11964,9,166.0,13,0.00014912703328974237
11965,9,167.0,5,5.574322441107283e-05
11966,10,0.0,3,3.292217198542645e-05
11967,10,1.0,3,3.263104082143207e-05
11968,10,2.0,3,3.280911655985476e-05
11969,10,3.0,8,7.427351220870856e-05
11970,10,4.0,14,8.308309496397755e-05
11971,10,5.0,53,0.00020763956904995104
11972,10,6.0,213,0.0007636872109282564
11973,10,7.0,349,0.0013336033657244829
11974,10,8.0,397,0.001613270265437818
11975,10,9.0,419,0.0019297195228664854
11976,10,10.0,469,0.002298749166764694
11977,10,11.0,432,0.0021738474079888892
11978,10,12.0,448,0.0024353649785818347
11979,10,13.0,455,0.0027211616669058896
11980,10,14.0,398,0.002894082401361237
11981,10,15.0,355,0.0031418709620320384
11982,10,16.0,321,0.003029016277423921
11983,10,17.0,272,0.002660094668074952
11984,10,18.0,228,0.0023868846967190806
11985,10,19.0,124,0.0013786202679415198
11986,10,20.0,108,0.0012746972594008922
11987,10,21.0,47,0.000589866840698302
11988,10,22.0,21,0.0002544282633453682
11989,10,23.0,15,0.0001764643600814089
11990,10,24.0,7,7.946147821052751e-05
11991,10,25.0,6,6.74346726608598e-05
11992,10,26.0,5,5.678075813668264e-05
11993,10,27.0,15,0.00015866299978844933
11994,10,28.0,35,0.00027497564501429876
11995,10,29.0,140,0.0006917474528870574
11996,10,30.0,321,0.0014700427274101145
11997,10,31.0,347,0.0016265116715102653
11998,10,32.0,383,0.0018499019503665994
11999,10,33.0,390,0.002058177826564215
12000,10,34.0,396,0.002137755680437916
12001,10,35.0,435,0.0023688294715059764
12002,10,36.0,461,0.002686229722170427
12003,10,37.0,458,0.0029455649310557728
12004,10,38.0,416,0.0031738039107978
12005,10,39.0,391,0.003593716969513148
12006,10,40.0,353,0.0035360820611451695
12007,10,41.0,277,0.0028426000041048374
12008,10,42.0,228,0.0024708215481647647
12009,10,43.0,166,0.0018704014602652363
12010,10,44.0,105,0.0012405775183723623
12011,10,45.0,47,0.0005973184215542987
12012,10,46.0,21,0.0002609117000260912
12013,10,47.0,10,0.0001186563356550423
12014,10,48.0,10,0.00011583861364347192
12015,10,49.0,7,7.959520154642106e-05
12016,10,50.0,5,5.7991857943144785e-05
12017,10,51.0,9,9.972409666589104e-05
12018,10,52.0,19,0.00017076656210959619
12019,10,53.0,57,0.0003857267565793481
12020,10,54.0,211,0.001179555123238354
12021,10,55.0,281,0.0015012367840409448
12022,10,56.0,330,0.0017641587101326862
12023,10,57.0,398,0.0023073533845047885
12024,10,58.0,433,0.0025616602871662594
12025,10,59.0,419,0.0025054863573576985
12026,10,60.0,473,0.0029952822721084128
12027,10,61.0,400,0.002808732348872645
12028,10,62.0,385,0.003187851388164377
12029,10,63.0,370,0.0035635516088953953
12030,10,64.0,326,0.0033224284302035244
12031,10,65.0,253,0.0025630635194002632
12032,10,66.0,231,0.002431502163089587
12033,10,67.0,158,0.0017393984763750055
12034,10,68.0,103,0.0011897473808231203
12035,10,69.0,69,0.0008235560913311769
12036,10,70.0,23,0.00026384921590896055
12037,10,71.0,7,7.862341629975738e-05
12038,10,72.0,8,8.83724012990743e-05
12039,10,73.0,7,7.616229096171213e-05
12040,10,74.0,3,3.319979637458224e-05
12041,10,75.0,9,9.259259259259259e-05
12042,10,76.0,15,0.00011471748906359937
12043,10,77.0,48,0.00025468649684029564
12044,10,78.0,231,0.0010430965970666859
12045,10,79.0,272,0.0012206012358587513
12046,10,80.0,349,0.001609266423509123
12047,10,81.0,358,0.001828601783652913
12048,10,82.0,379,0.0019899191431271657
12049,10,83.0,406,0.0021633488213478836
12050,10,84.0,452,0.002578113414175061
12051,10,85.0,433,0.002721575874141258
12052,10,86.0,353,0.00266977257772971
12053,10,87.0,303,0.0028293429948082023
12054,10,88.0,281,0.002768745689230466
12055,10,89.0,273,0.002774362049166167
12056,10,90.0,207,0.0022416668471551405
12057,10,91.0,156,0.0017860005037437319
12058,10,92.0,124,0.0015338371906040101
12059,10,93.0,52,0.0006894265826980444
12060,10,94.0,16,0.00020596261778487205
12061,10,95.0,10,0.0001238804306083768
12062,10,96.0,9,0.00011040777270719859
12063,10,97.0,6,7.190623427051126e-05
12064,10,98.0,2,2.445466105839773e-05
12065,10,99.0,5,5.560189046427579e-05
12066,10,100.0,19,0.00015532393214796647
12067,10,101.0,52,0.00030166087516460824
12068,10,102.0,216,0.0010834997040440623
12069,10,103.0,299,0.0015037745243495799
12070,10,104.0,358,0.0018320923210767381
12071,10,105.0,360,0.0020370171279190173
12072,10,106.0,388,0.0023109268722676865
12073,10,107.0,402,0.002457347898111754
12074,10,108.0,422,0.0027719572514270326
12075,10,109.0,420,0.00308351932338776
12076,10,110.0,378,0.0033352156419848944
12077,10,111.0,319,0.003461634455742081
12078,10,112.0,294,0.003635779033674239
12079,10,113.0,233,0.0031099424727379504
12080,10,114.0,194,0.002700445434298441
12081,10,115.0,133,0.00191072736937377
12082,10,116.0,124,0.0018419215400840747
12083,10,117.0,93,0.0014898354773080435
12084,10,118.0,18,0.0003002151541938389
12085,10,119.0,15,0.0002647043252686749
12086,10,120.0,7,0.00012517434998748258
12087,10,121.0,8,0.00014557894928393355
12088,10,122.0,7,0.00012692656391659113
12089,10,123.0,8,0.0001342912777815081
12090,10,124.0,29,0.0004164512608420932
12091,10,125.0,39,0.00048692785976477636
12092,10,126.0,81,0.000899810040102645
12093,10,127.0,240,0.002456625211116229
12094,10,128.0,291,0.002869680982200089
12095,10,129.0,318,0.003186372745490982
12096,10,130.0,301,0.003155566272133519
12097,10,131.0,326,0.0035781316884171705
12098,10,132.0,305,0.0034434484160137287
12099,10,133.0,361,0.004328589071811413
12100,10,134.0,312,0.004016426153113374
12101,10,135.0,230,0.0032282514106055076
12102,10,136.0,202,0.0029358758211731877
12103,10,137.0,173,0.002658021694373598
12104,10,138.0,67,0.0010064442474951554
12105,10,139.0,45,0.0006679630096928854
12106,10,140.0,33,0.0004917886203093798
12107,10,141.0,35,0.0005610412926391383
12108,10,142.0,18,0.00030451700219928944
12109,10,143.0,14,0.00024435368450448564
12110,10,144.0,6,0.0001074229240519927
12111,10,145.0,6,0.00011135650785991352
12112,10,147.0,6,0.0001061665044678404
12113,10,148.0,7,0.00011596123581545597
12114,10,149.0,15,0.00022083505093928508
12115,10,150.0,36,0.0004808527121428667
12116,10,151.0,133,0.0016031242843195159
12117,10,152.0,175,0.001966933045599128
12118,10,153.0,191,0.002051821931935373
12119,10,154.0,238,0.0024949419768746134
12120,10,155.0,281,0.002941699904734985
12121,10,156.0,240,0.0025731194785144525
12122,10,157.0,302,0.0033836018553790306
12123,10,158.0,260,0.0030687518442018293
12124,10,159.0,231,0.002887608285310699
12125,10,160.0,243,0.0030197964433508555
12126,10,161.0,205,0.0023955594507741747
12127,10,162.0,61,0.0006629930331387829
12128,10,163.0,64,0.0007443504960398228
12129,10,164.0,33,0.0004115893585442209
12130,10,165.0,24,0.0003180914512922465
12131,10,166.0,17,0.00023395675928601902
12132,10,167.0,7,8.904606225591838e-05
12133,11,0.0,12,0.00014250089063056644
12134,11,1.0,8,9.244707405010632e-05
12135,11,2.0,9,9.852001050880112e-05
12136,11,3.0,8,7.707054845329043e-05
12137,11,4.0,10,6.710373566496446e-05
12138,11,5.0,37,0.00016504152801691453
12139,11,6.0,220,0.0008739105910018988
12140,11,7.0,216,0.0008713753207145277
12141,11,8.0,297,0.001244792408861916
12142,11,9.0,334,0.0015679278940944512
12143,11,10.0,400,0.0019768510739243458
12144,11,11.0,403,0.002076912769663674
12145,11,12.0,374,0.002020900651659408
12146,11,13.0,406,0.00242299819170332
12147,11,14.0,401,0.0028721636488654597
12148,11,15.0,373,0.0032420968456918354
12149,11,16.0,299,0.002930884068341551
12150,11,17.0,293,0.003079218950333144
12151,11,18.0,236,0.0025048558115838967
12152,11,19.0,158,0.001757645200404926
12153,11,20.0,107,0.0012608260177929653
12154,11,21.0,68,0.0008485256866194986
12155,11,22.0,28,0.00036242670567068357
12156,11,23.0,17,0.000210706362092686
12157,11,24.0,6,7.04184026758993e-05
12158,11,25.0,8,9.120031008105428e-05
12159,11,26.0,5,5.473753352673928e-05
12160,11,27.0,11,0.00011406410402646287
12161,11,28.0,19,0.00016407599309153714
12162,11,29.0,41,0.00026227578618766154
12163,11,30.0,157,0.0008507502316533274
12164,11,31.0,243,0.0012352393975285046
12165,11,32.0,310,0.0015642740002523023
12166,11,33.0,380,0.002083401866289461
12167,11,34.0,452,0.002544128242074928
12168,11,35.0,432,0.0024757582009490406
12169,11,36.0,483,0.0028750171131971024
12170,11,37.0,494,0.0030788215716947855
12171,11,38.0,474,0.0033923050498110615
12172,11,39.0,369,0.0030252100840336134
12173,11,40.0,360,0.003249977430712287
12174,11,41.0,265,0.002507356489322446
12175,11,42.0,244,0.0023636997713798583
12176,11,43.0,136,0.001371258028413273
12177,11,44.0,125,0.0013298438231414103
12178,11,45.0,67,0.0007649362362853783
12179,11,46.0,13,0.00015631575783081825
12180,11,47.0,14,0.00016062229666938195
12181,11,48.0,11,0.00011716461628588167
12182,11,49.0,8,8.348290687481739e-05
12183,11,50.0,1,1.0158678559093033e-05
12184,11,51.0,16,0.0001523446798381338
12185,11,52.0,15,0.0001227616459881494
12186,11,53.0,46,0.00028493557978196234
12187,11,54.0,226,0.0011718162633579277
12188,11,55.0,274,0.00131876594311017
12189,11,56.0,402,0.0019283442622164448
12190,11,57.0,400,0.0020424523725637374
