,week,hour_of_week,ChatsInBlock,rate
0,1,0.0,313,0.004533406717552829
1,1,1.0,250,0.003534718000197944
2,1,2.0,266,0.0036819157035088935
3,1,3.0,283,0.0035839570431721187
4,1,4.0,333,0.0034031333353772572
5,1,5.0,480,0.004097870814622569
6,1,6.0,576,0.004427942160005535
7,1,7.0,656,0.004911870853737065
8,1,8.0,762,0.005714971425142874
9,1,9.0,923,0.007184277096711422
10,1,10.0,950,0.0075880412469947365
11,1,11.0,992,0.008063401747612274
12,1,12.0,861,0.007217220741336821
13,1,13.0,940,0.008396530625005583
14,1,14.0,958,0.009316800389010454
15,1,15.0,822,0.008567497706995747
16,1,16.0,798,0.007950028392958546
17,1,17.0,698,0.006721815082674473
18,1,18.0,652,0.006862146631022797
19,1,19.0,628,0.006964545142007963
20,1,20.0,543,0.0064485481859747045
21,1,21.0,501,0.006163271331561854
22,1,22.0,345,0.004235311448844804
23,1,23.0,328,0.004013263345935959
24,1,24.0,271,0.0032526765567237985
25,1,25.0,248,0.0029169607151258528
26,1,26.0,273,0.003142409871541047
27,1,27.0,300,0.0028261361067148994
28,1,28.0,334,0.0019061750941673325
29,1,29.0,485,0.0017901831523464318
30,1,30.0,577,0.0020150939969756127
31,1,31.0,678,0.0025798792251230007
32,1,32.0,819,0.0033434303023375436
33,1,33.0,911,0.004301390043061117
34,1,34.0,926,0.004662028133275604
35,1,35.0,871,0.004622013733377201
36,1,36.0,930,0.005329909964639199
37,1,37.0,978,0.006704691913236625
38,1,38.0,917,0.008825624145829724
39,1,39.0,861,0.007525697503671072
40,1,40.0,819,0.007663014493296032
41,1,41.0,738,0.007155114743608388
42,1,42.0,760,0.007808887747238633
43,1,43.0,684,0.0074963833238349915
44,1,44.0,535,0.006218977762795401
45,1,45.0,485,0.006001435394857327
46,1,46.0,386,0.0047522314558325635
47,1,47.0,346,0.004202190968932935
48,1,48.0,284,0.0033841350794199306
49,1,49.0,237,0.00275494902763086
50,1,50.0,251,0.002962735631912558
51,1,51.0,273,0.003016008042688114
52,1,52.0,309,0.0026594371288406918
53,1,53.0,452,0.0028459354123773007
54,1,54.0,559,0.002963929141414945
55,1,55.0,696,0.0035527786710770125
56,1,56.0,732,0.003739520912197888
57,1,57.0,765,0.004219083493732042
58,1,58.0,865,0.004836346964563275
59,1,59.0,943,0.0052993009193697035
60,1,60.0,909,0.005355817159826069
61,1,61.0,890,0.0057663774839156945
62,1,62.0,881,0.006753441879005305
63,1,63.0,798,0.00735870457290927
64,1,64.0,779,0.007725185692043753
65,1,65.0,824,0.008441671532921495
66,1,66.0,748,0.007805570338832712
67,1,67.0,701,0.007625864844871851
68,1,68.0,578,0.0066119105904962365
69,1,69.0,512,0.006233791533244859
70,1,70.0,401,0.004879057769990753
71,1,71.0,266,0.0032166005610912256
72,1,72.0,268,0.0031907800742927896
73,1,73.0,246,0.002819936723371085
74,1,74.0,200,0.0023404404708966225
75,1,75.0,273,0.0029974636845745907
76,1,76.0,308,0.002682669779028142
77,1,77.0,486,0.003161695345281853
78,1,78.0,540,0.002937864172746413
79,1,79.0,685,0.0035406738134866073
80,1,80.0,771,0.00400829733144096
81,1,81.0,779,0.004302464942366853
82,1,82.0,731,0.004160950814259937
83,1,83.0,830,0.004839029395646039
84,1,84.0,792,0.004823621126486065
85,1,85.0,830,0.005517993311926178
86,1,86.0,737,0.00576114316088989
87,1,87.0,725,0.006620581332700192
88,1,88.0,716,0.006906463716950738
89,1,89.0,731,0.007149004420451434
90,1,90.0,706,0.007393986364064808
91,1,91.0,705,0.007850692085834233
92,1,92.0,555,0.006717827055291953
93,1,93.0,455,0.005974421597205809
94,1,94.0,323,0.0042653778094709875
95,1,95.0,245,0.003306610521769644
96,1,96.0,221,0.002972907530468939
97,1,97.0,222,0.0028788546826775943
98,1,98.0,228,0.002955588395426616
99,1,99.0,269,0.0030903555632144294
100,1,100.0,311,0.00251717914059781
101,1,101.0,419,0.002255416498452429
102,1,102.0,502,0.0023078337624126517
103,1,103.0,624,0.00287265043435027
104,1,104.0,732,0.003444154817582128
105,1,105.0,712,0.0037021053124171315
106,1,106.0,724,0.003957235619493212
107,1,107.0,785,0.004426525318597045
108,1,108.0,759,0.004610450354136042
109,1,109.0,805,0.005436470953712333
110,1,110.0,718,0.005917598674721634
111,1,111.0,672,0.006709868099170253
112,1,112.0,616,0.00691435626894152
113,1,113.0,712,0.008727629320911989
114,1,114.0,666,0.008752217622708457
115,1,115.0,578,0.007860095735422106
116,1,116.0,539,0.007646583154818482
117,1,117.0,435,0.006559008458859185
118,1,118.0,348,0.005646417445482866
119,1,119.0,293,0.005032375521701046
120,1,120.0,242,0.004368309897290565
121,1,121.0,241,0.004401424527440416
122,1,122.0,206,0.003688517251875593
123,1,123.0,198,0.0032822213012847078
124,1,124.0,244,0.0035731021555763824
125,1,125.0,320,0.004032817048734073
126,1,126.0,549,0.006085462506235105
127,1,127.0,550,0.005447756019770402
128,1,128.0,659,0.006201068955133996
129,1,129.0,789,0.007343633655994043
130,1,130.0,798,0.007672412964262708
131,1,131.0,711,0.0070414863379319225
132,1,132.0,714,0.007339939964636704
133,1,133.0,683,0.007504339991649636
134,1,134.0,808,0.009626152636469775
135,1,135.0,618,0.007916378449004688
136,1,136.0,637,0.008649250488811645
137,1,137.0,642,0.008929440727707693
138,1,138.0,547,0.007733197613594594
139,1,139.0,507,0.007120886529305187
140,1,140.0,468,0.006539783684078142
141,1,141.0,433,0.006518139394851723
142,1,142.0,311,0.005089933061652019
143,1,143.0,325,0.005695060192405418
144,1,144.0,268,0.004800458551264599
145,1,145.0,259,0.004715177774945839
146,1,146.0,210,0.003786444528587656
147,1,147.0,211,0.0035507539041464728
148,1,148.0,247,0.003704036950392898
149,1,149.0,300,0.004017677782241864
150,1,150.0,428,0.005134418599071486
151,1,151.0,599,0.006546448087431694
152,1,152.0,670,0.006880828164153966
153,1,153.0,638,0.006482092964185928
154,1,154.0,744,0.007690478897698025
155,1,155.0,811,0.008408240282832054
156,1,156.0,784,0.008126541866202293
157,1,157.0,781,0.008466950705217854
158,1,158.0,786,0.00906313058518305
159,1,159.0,692,0.008299650982884968
160,1,160.0,733,0.00833030275479589
161,1,161.0,711,0.007502532500422083
162,1,162.0,660,0.007191109174112007
163,1,163.0,598,0.0066515394198255915
164,1,164.0,527,0.006007751937984496
165,1,165.0,384,0.0046183265782289195
166,1,166.0,319,0.003748795449737937
167,1,167.0,260,0.0030114551119450527
168,2,0.0,293,0.003296802214370907
169,2,1.0,247,0.0026970954356846473
170,2,2.0,229,0.002501365374112507
171,2,3.0,254,0.0024443524871767728
172,2,4.0,302,0.0019263889774829368
173,2,5.0,430,0.001798072299232683
174,2,6.0,596,0.0021714814531437294
175,2,7.0,667,0.002508197707650191
176,2,8.0,812,0.003208167393640559
177,2,9.0,807,0.003576049772231774
178,2,10.0,812,0.0037619936713259175
179,2,11.0,834,0.003985815467258008
180,2,12.0,893,0.004548070507825431
181,2,13.0,941,0.005247250908928691
182,2,14.0,837,0.005739441690152435
183,2,15.0,788,0.006635957118916689
184,2,16.0,749,0.006616841584508286
185,2,17.0,690,0.006418186722725032
186,2,18.0,662,0.006526539947945421
187,2,19.0,684,0.0071748502617142015
188,2,20.0,525,0.0059492107380420866
189,2,21.0,391,0.004781120078258743
190,2,22.0,344,0.004073319755600814
191,2,23.0,319,0.0037124103900940324
192,2,24.0,298,0.0033896762745410287
193,2,25.0,258,0.002866029771161964
194,2,26.0,240,0.0026446863842729314
195,2,27.0,237,0.00242745792918378
196,2,28.0,272,0.0020798287199877657
197,2,29.0,399,0.002161441827962232
198,2,30.0,552,0.002556360335661227
199,2,31.0,649,0.002940190455480352
200,2,32.0,766,0.003564631042072884
201,2,33.0,733,0.0037117306893792853
202,2,34.0,787,0.0041366405432822955
203,2,35.0,842,0.004456158177738262
204,2,36.0,829,0.004595318207770467
205,2,37.0,813,0.004908619971381477
206,2,38.0,771,0.005475852272727273
207,2,39.0,749,0.006294487911053592
208,2,40.0,787,0.006950945929236368
209,2,41.0,711,0.006459584442486077
210,2,42.0,643,0.006262966678679614
211,2,43.0,595,0.005952321405348086
212,2,44.0,493,0.005211471580037844
213,2,45.0,395,0.004438900501202436
214,2,46.0,364,0.004111554144875807
215,2,47.0,257,0.0028622978571746782
216,2,48.0,242,0.002568075217012968
217,2,49.0,236,0.0024730427857359923
218,2,50.0,241,0.0025597178999691985
219,2,51.0,240,0.002383174786010764
220,2,52.0,276,0.002213844549610973
221,2,53.0,451,0.002714365675010382
222,2,54.0,570,0.0028505558583923865
223,2,55.0,623,0.00300746798229311
224,2,56.0,733,0.0036066977311755475
225,2,57.0,741,0.003911838458492807
226,2,58.0,748,0.004029846725749535
227,2,59.0,810,0.004366529740919236
228,2,60.0,878,0.0050157097972007994
229,2,61.0,811,0.005076491649765893
230,2,62.0,817,0.005746115921031347
231,2,63.0,753,0.0060048325744224435
232,2,64.0,742,0.0063037346654433
233,2,65.0,771,0.006608949082804732
234,2,66.0,693,0.006272855642854557
235,2,67.0,665,0.006379998464962775
236,2,68.0,567,0.00583321330836814
237,2,69.0,479,0.0053388914276797554
238,2,70.0,349,0.003871067926704823
239,2,71.0,272,0.0029957926735246824
240,2,72.0,231,0.002447967445212157
241,2,73.0,241,0.002499844408024397
242,2,74.0,242,0.0025577339745283516
243,2,75.0,240,0.0023487042981288654
244,2,76.0,319,0.0023392584770620672
245,2,77.0,414,0.002151599407530598
246,2,78.0,588,0.0025375672153220724
247,2,79.0,669,0.0028229873028867048
248,2,80.0,741,0.0031993299109282372
249,2,81.0,763,0.003534583794651336
250,2,82.0,749,0.003624871750198424
251,2,83.0,767,0.003742540536056719
252,2,84.0,824,0.004276076803321225
253,2,85.0,784,0.004488798044166567
254,2,86.0,798,0.0053703741091437685
255,2,87.0,699,0.005700026909998287
256,2,88.0,735,0.006407685735706938
257,2,89.0,742,0.006704072136539
258,2,90.0,750,0.007251631617113851
259,2,91.0,626,0.006515946373553168
260,2,92.0,517,0.005855702797598822
261,2,93.0,418,0.005144805346658954
262,2,94.0,317,0.0039356392620366
263,2,95.0,277,0.0034440742030138758
264,2,96.0,286,0.0034675913576953854
265,2,97.0,191,0.002245817018824885
266,2,98.0,242,0.0028533698061595056
267,2,99.0,255,0.0027071500610435797
268,2,100.0,310,0.0023702661579514785
269,2,101.0,412,0.002192387307567461
270,2,102.0,561,0.002612911789774712
271,2,103.0,583,0.0027153789187854853
272,2,104.0,675,0.0032457072516312684
273,2,105.0,693,0.003658536585365854
274,2,106.0,718,0.003979228207075046
275,2,107.0,791,0.004525093962918256
276,2,108.0,773,0.004767837757820981
277,2,109.0,704,0.004780595129768712
278,2,110.0,744,0.006064657069727254
279,2,111.0,704,0.006961199224775541
280,2,112.0,609,0.00673627856558193
281,2,113.0,638,0.007671219699884571
282,2,114.0,663,0.008462353376644926
283,2,115.0,608,0.008088871150136366
284,2,116.0,462,0.006600188576816481
285,2,117.0,476,0.007519866032638746
286,2,118.0,351,0.005938382932647571
287,2,119.0,291,0.005243432195754802
288,2,120.0,235,0.004355481419701603
289,2,121.0,237,0.00437455008582978
290,2,122.0,192,0.003438333840726348
291,2,123.0,206,0.003411386745272083
292,2,124.0,299,0.004315321556402263
293,2,125.0,353,0.0042929415770783675
294,2,126.0,533,0.00563734822524009
295,2,127.0,565,0.005478628500504228
296,2,128.0,691,0.006413588268052719
297,2,129.0,685,0.00638962734947064
298,2,130.0,743,0.007093891424315912
299,2,131.0,748,0.007365829640571147
300,2,132.0,748,0.007645134914145544
301,2,133.0,733,0.008020220145742609
302,2,134.0,726,0.008499379521880634
303,2,135.0,665,0.008291563801401461
304,2,136.0,655,0.008470411752534657
305,2,137.0,629,0.008382642998027613
306,2,138.0,589,0.007982111397208294
307,2,139.0,592,0.007968771032440437
308,2,140.0,532,0.007179002766345051
309,2,141.0,488,0.007107279135475227
310,2,142.0,330,0.005141628493970272
311,2,143.0,286,0.004836309523809524
312,2,144.0,221,0.0038498388642104345
313,2,145.0,218,0.00381706121305505
314,2,146.0,221,0.003643858202802968
315,2,147.0,222,0.0035156621163652487
316,2,148.0,253,0.00369953353707576
317,2,149.0,340,0.004386926957666155
318,2,150.0,416,0.004849615294940546
319,2,151.0,498,0.00530176406085318
320,2,152.0,539,0.005459720632476728
321,2,153.0,632,0.006259842909638375
322,2,154.0,729,0.0071347478860006265
323,2,155.0,746,0.007377738218859714
324,2,156.0,725,0.007297506769066623
325,2,157.0,751,0.008017850660858796
326,2,158.0,682,0.0078162605725812
327,2,159.0,704,0.008170750107357157
328,2,160.0,633,0.007114837752475582
329,2,161.0,739,0.007521705055522194
330,2,162.0,659,0.006930932573279625
331,2,163.0,642,0.006958369010329168
332,2,164.0,578,0.006404361170513346
333,2,165.0,471,0.005421145922055201
334,2,166.0,367,0.004093834707240621
335,2,167.0,279,0.0031417503716048827
336,3,0.0,271,0.003005100909292526
337,3,1.0,270,0.0029580936729663105
338,3,2.0,266,0.0029190992493744786
339,3,3.0,254,0.0024740902361100286
340,3,4.0,269,0.0018079171987364741
341,3,5.0,441,0.002173516611876962
342,3,6.0,575,0.002677494610086937
343,3,7.0,688,0.003362510935491596
344,3,8.0,867,0.004472322667505764
345,3,9.0,876,0.00503381736896847
346,3,10.0,926,0.005615592669407755
347,3,11.0,980,0.0060305836743484815
348,3,12.0,927,0.00596037986973323
349,3,13.0,954,0.006616958557308826
350,3,14.0,842,0.006696996691270043
351,3,15.0,776,0.007194844930693987
352,3,16.0,769,0.007366605996742983
353,3,17.0,721,0.0070546564646484415
354,3,18.0,678,0.007031079861867281
355,3,19.0,621,0.006754698920988514
356,3,20.0,477,0.005591110485969477
357,3,21.0,461,0.005731193356291259
358,3,22.0,284,0.003500727263762542
359,3,23.0,273,0.003256746116956553
360,3,24.0,268,0.003069663024305317
361,3,25.0,247,0.0027789966359514405
362,3,26.0,230,0.0025683115026855605
363,3,27.0,235,0.002351928581436778
364,3,28.0,285,0.0019438268152614277
365,3,29.0,429,0.0019374243546434959
366,3,30.0,517,0.0020612309176663837
367,3,31.0,659,0.0026956052226839882
368,3,32.0,750,0.0032137256078226366
369,3,33.0,738,0.0035709619823193835
370,3,34.0,756,0.00383662863870732
371,3,35.0,845,0.004400399941675172
372,3,36.0,815,0.004522426240060373
373,3,37.0,796,0.004909065119118835
374,3,38.0,785,0.00574372032106299
375,3,39.0,712,0.006250329195709043
376,3,40.0,733,0.006900901918695513
377,3,41.0,708,0.006932612654955643
378,3,42.0,657,0.0067552283616771885
379,3,43.0,587,0.006346837933979911
380,3,44.0,481,0.005544796421819523
381,3,45.0,421,0.005254749244863826
382,3,46.0,264,0.003279584585952446
383,3,47.0,261,0.00316986081760548
384,3,48.0,261,0.003089817807294811
385,3,49.0,235,0.0026995979322228603
386,3,50.0,228,0.0026467925053980635
387,3,51.0,242,0.0026637900669249735
388,3,52.0,281,0.002473874651148459
389,3,53.0,403,0.002589325297643907
390,3,54.0,546,0.002916838062065613
391,3,55.0,594,0.003000151522804182
392,3,56.0,688,0.0035030549898167006
393,3,57.0,791,0.0043430755124115325
394,3,58.0,763,0.004268221052454927
395,3,59.0,808,0.0045456846937569975
396,3,60.0,751,0.004501777332861776
397,3,61.0,787,0.005142547227141149
398,3,62.0,793,0.0060096244931984386
399,3,63.0,726,0.006415637896448423
400,3,64.0,738,0.0069717351874244255
401,3,65.0,667,0.0064476838604902945
402,3,66.0,619,0.0063072518111696434
403,3,67.0,582,0.0062397478369946285
404,3,68.0,485,0.005551549282877191
405,3,69.0,441,0.0053165838838790565
406,3,70.0,316,0.0038097993827160494
407,3,71.0,280,0.00332509975299259
408,3,72.0,258,0.0030059069566939684
409,3,73.0,231,0.0026266117845041275
410,3,74.0,243,0.0027946774620188383
411,3,75.0,231,0.0024812296587503626
412,3,76.0,260,0.0020601402480091915
413,3,77.0,414,0.0023078724092181107
414,3,78.0,502,0.0023869525937901194
415,3,79.0,618,0.002900155801250164
416,3,80.0,683,0.003247772208960618
417,3,81.0,782,0.004064068850107579
418,3,82.0,824,0.004376739541504663
419,3,83.0,760,0.0041058887088060506
420,3,84.0,844,0.004841559395149262
421,3,85.0,778,0.004877773528360679
422,3,86.0,754,0.005647474739909071
423,3,87.0,711,0.006402924993020722
424,3,88.0,741,0.007091180523656408
425,3,89.0,660,0.006486613987498526
426,3,90.0,665,0.007054206004030975
427,3,91.0,550,0.006232577113976837
428,3,92.0,413,0.005056069732138485
429,3,93.0,379,0.005073288267184258
430,3,94.0,272,0.0035864033121489414
431,3,95.0,235,0.003078979089146271
432,3,96.0,201,0.002585209003215434
433,3,97.0,207,0.002574210637583475
434,3,98.0,232,0.002893345305796668
435,3,99.0,207,0.002344546381243629
436,3,100.0,271,0.0021932486787902333
437,3,101.0,335,0.001846360740307984
438,3,102.0,467,0.0022148341719982357
439,3,103.0,591,0.0028441492817440264
440,3,104.0,573,0.0029481071402846235
441,3,105.0,614,0.0035433570711326046
442,3,106.0,603,0.003464820294768294
443,3,107.0,635,0.0036795809333966876
444,3,108.0,706,0.004470165130179313
445,3,109.0,736,0.005262555771650841
446,3,110.0,723,0.006232275082105699
447,3,111.0,616,0.006492890495715325
448,3,112.0,675,0.007942765023592953
449,3,113.0,794,0.009709331474620003
450,3,114.0,641,0.00824935974158012
451,3,115.0,637,0.008806005225541562
452,3,116.0,469,0.006753156992901265
453,3,117.0,481,0.007478582645334826
454,3,118.0,327,0.005504587155963303
455,3,119.0,256,0.004550787499555588
456,3,120.0,229,0.004181808221179306
457,3,121.0,196,0.0035735774062391743
458,3,122.0,204,0.0036668883576294643
459,3,123.0,209,0.003461583053149378
460,3,124.0,246,0.0036036036036036037
461,3,125.0,359,0.004537927721808598
462,3,126.0,495,0.005487318197942533
463,3,127.0,575,0.005861365953109072
464,3,128.0,648,0.006349828515433611
465,3,129.0,721,0.007200279622509612
466,3,130.0,736,0.0075285645605098145
467,3,131.0,711,0.007560130149075984
468,3,132.0,729,0.008029430229868599
469,3,133.0,689,0.007993781325413032
470,3,134.0,690,0.008610040055403737
471,3,135.0,595,0.008015519122738478
472,3,136.0,622,0.008688728400407896
473,3,137.0,614,0.008696514312422986
474,3,138.0,647,0.009230857028719806
475,3,139.0,556,0.007897166394432213
476,3,140.0,484,0.006863301191151447
477,3,141.0,430,0.006598735498127801
478,3,142.0,353,0.005731542970335612
479,3,143.0,260,0.00457223248043612
480,3,144.0,236,0.004264700567422025
481,3,145.0,207,0.00377847546728972
482,3,146.0,179,0.003219077078013164
483,3,147.0,218,0.0036725686079617246
484,3,148.0,224,0.0034344239673729723
485,3,149.0,311,0.0042179214191745895
486,3,150.0,398,0.004829159386526888
487,3,151.0,519,0.005864473044893162
488,3,152.0,645,0.006732425238766244
489,3,153.0,724,0.007446184858738468
490,3,154.0,719,0.007430372552059112
491,3,155.0,775,0.007970381035635316
492,3,156.0,766,0.008194792134711257
493,3,157.0,698,0.007611196528073102
494,3,158.0,733,0.008393834596798204
495,3,159.0,731,0.008615101766626203
496,3,160.0,690,0.007674084948783824
497,3,161.0,648,0.0067109228554562495
498,3,162.0,671,0.007302129697141178
499,3,163.0,646,0.007269862705379248
500,3,164.0,472,0.005433718989236171
501,3,165.0,384,0.004668352460610776
502,3,166.0,272,0.0032792814515642896
503,3,167.0,256,0.0030369535559641734
504,4,0.0,218,0.0025666686289515512
505,4,1.0,271,0.0030744097927325946
506,4,2.0,255,0.0028213894513227336
507,4,3.0,264,0.002476408457310095
508,4,4.0,290,0.0017520329623856648
509,4,5.0,396,0.00157913626031822
510,4,6.0,559,0.002011348467021441
511,4,7.0,691,0.0026578456449410544
512,4,8.0,727,0.00294435691923876
513,4,9.0,776,0.0035482395976223135
514,4,10.0,848,0.004103040507848032
515,4,11.0,805,0.004024235395274898
516,4,12.0,754,0.0040184186403462024
517,4,13.0,824,0.004832476116190554
518,4,14.0,811,0.005746556317669066
519,4,15.0,793,0.006875265517032105
520,4,16.0,766,0.007195190681946271
521,4,17.0,716,0.007008065147600031
522,4,18.0,723,0.007616138207099968
523,4,19.0,678,0.007528565242013391
524,4,20.0,540,0.006430178973314757
525,4,21.0,428,0.005473145780051151
526,4,22.0,306,0.003909643788010426
527,4,23.0,244,0.0030976653251913824
528,4,24.0,253,0.0031403604587657017
529,4,25.0,245,0.0029316038864691525
530,4,26.0,266,0.0031661766631354673
531,4,27.0,285,0.0031304920913884007
532,4,28.0,266,0.0022022602144305997
533,4,29.0,418,0.002441888315739664
534,4,30.0,536,0.002675986020968547
535,4,31.0,697,0.003399303557319964
536,4,32.0,770,0.003815867069067194
537,4,33.0,776,0.0042195698866262475
538,4,34.0,840,0.004722364330408091
539,4,35.0,827,0.00472749722752581
540,4,36.0,779,0.004712928791820436
541,4,37.0,858,0.005718665644682907
542,4,38.0,883,0.006840453964442035
543,4,39.0,826,0.007618239504168818
544,4,40.0,778,0.0077415246226255514
545,4,41.0,690,0.00721719575336018
546,4,42.0,683,0.007566357956307883
547,4,43.0,576,0.0067605633802816905
548,4,44.0,484,0.005874927170324335
549,4,45.0,451,0.005861710423706784
550,4,46.0,331,0.004298589647022156
551,4,47.0,268,0.003467325631040327
552,4,48.0,236,0.0030022007658156193
553,4,49.0,243,0.0029991854064328207
554,4,50.0,203,0.002506018147027961
555,4,51.0,216,0.0025158404770778977
556,4,52.0,290,0.0027197103977342
557,4,53.0,466,0.0032662559314787167
558,4,54.0,561,0.003213960389800116
559,4,55.0,671,0.0036695140491528945
560,4,56.0,794,0.004324642291080017
561,4,57.0,737,0.004327936625383906
562,4,58.0,815,0.004892397274664586
563,4,59.0,830,0.004980468164007417
564,4,60.0,810,0.0051426285815868505
565,4,61.0,771,0.0053271609203344155
566,4,62.0,749,0.0060593312892865524
567,4,63.0,730,0.0069884546899232226
568,4,64.0,664,0.0067140560381002455
569,4,65.0,696,0.007177329538423463
570,4,66.0,660,0.007259208746246659
571,4,67.0,603,0.007083450803495912
572,4,68.0,457,0.005823436464651614
573,4,69.0,414,0.005748243592235706
574,4,70.0,277,0.003828452171990104
575,4,71.0,234,0.003095074334691286
576,4,72.0,249,0.0031756963575145392
577,4,73.0,237,0.002986127735708796
578,4,74.0,221,0.0027929783765339266
579,4,75.0,255,0.0029426359093898936
580,4,76.0,265,0.002188834466296079
581,4,77.0,398,0.0022167391655480858
582,4,78.0,521,0.0023974966637522435
583,4,79.0,652,0.002925301615645877
584,4,80.0,601,0.0027444426178603394
585,4,81.0,709,0.0035241896600573613
586,4,82.0,723,0.0037183324590366277
587,4,83.0,762,0.003937394395671967
588,4,84.0,729,0.004020050622859695
589,4,85.0,757,0.0046036707736842744
590,4,86.0,740,0.005478802955592081
591,4,87.0,622,0.005648486169381936
592,4,88.0,703,0.007008693571542511
593,4,89.0,770,0.008180002549611185
594,4,90.0,677,0.007771158327306955
595,4,91.0,597,0.0071100207226734635
596,4,92.0,476,0.005960729312762973
597,4,93.0,396,0.005463274653716682
598,4,94.0,282,0.003948860851665663
599,4,95.0,248,0.0034587116299178555
600,4,96.0,166,0.0022611183000749166
601,4,97.0,230,0.003006614552014432
602,4,98.0,205,0.0026205115749913716
603,4,99.0,264,0.003033367037411527
604,4,100.0,269,0.002225697288620812
605,4,101.0,351,0.0020097797831041078
606,4,102.0,517,0.002551763283235853
607,4,103.0,556,0.0027409821195285115
608,4,104.0,732,0.0036927733636019674
609,4,105.0,755,0.004205472126910565
610,4,106.0,717,0.004210711768851304
611,4,107.0,729,0.004377983965408522
612,4,108.0,742,0.004792724360216512
613,4,109.0,726,0.005190534067348252
614,4,110.0,709,0.006217062284616936
615,4,111.0,697,0.007531633943139946
616,4,112.0,625,0.007704065281167566
617,4,113.0,644,0.008787490107251043
618,4,114.0,577,0.00843875685557587
619,4,115.0,544,0.008339209614618145
620,4,116.0,492,0.007806673754026308
621,4,117.0,407,0.0069283671523900315
622,4,118.0,321,0.005974204835197558
623,4,119.0,259,0.005060768298878424
624,4,120.0,250,0.004967117680952097
625,4,121.0,213,0.004192913385826772
626,4,122.0,197,0.003779594029392579
627,4,123.0,234,0.004178795292604961
628,4,124.0,235,0.0036010910539703944
629,4,125.0,325,0.004215195455370808
630,4,126.0,486,0.005585372300690701
631,4,127.0,563,0.005877501592040839
632,4,128.0,626,0.006218028308914825
633,4,129.0,718,0.007163809789874883
634,4,130.0,722,0.007430582714118107
635,4,131.0,748,0.007926499729778418
636,4,132.0,755,0.008357131788094132
637,4,133.0,742,0.008711680931750673
638,4,134.0,661,0.008328293518798508
639,4,135.0,674,0.00926231310466139
640,4,136.0,658,0.009621148981591145
641,4,137.0,571,0.008540999790588446
642,4,138.0,564,0.008693909638832797
643,4,139.0,492,0.0074916632406011605
644,4,140.0,453,0.006896026792510276
645,4,141.0,389,0.006583401028973734
646,4,142.0,310,0.005683589094842601
647,4,143.0,200,0.003831270832535152
648,4,144.0,128,0.002524903836670283
649,4,145.0,197,0.0038663081663493806
650,4,146.0,174,0.00330177043207651
651,4,147.0,210,0.0037569772434521255
652,4,148.0,251,0.0040586646831492655
653,4,149.0,282,0.003983219627950337
654,4,150.0,390,0.00492088727382845
655,4,151.0,509,0.005890453761673861
656,4,152.0,640,0.006897443634952796
657,4,153.0,727,0.00764900836445894
658,4,154.0,683,0.007142184902069456
659,4,155.0,728,0.007624154326288671
660,4,156.0,717,0.007692885422143064
661,4,157.0,739,0.008193177156668181
662,4,158.0,734,0.008645465253239105
663,4,159.0,690,0.008514944344349285
664,4,160.0,652,0.008025701941185884
665,4,161.0,685,0.008271048913896569
666,4,162.0,630,0.007971958950738356
667,4,163.0,577,0.007382576096830738
668,4,164.0,460,0.00586667346860692
669,4,165.0,378,0.005017987760357897
670,4,166.0,301,0.003943610303173231
671,4,167.0,261,0.0033858727378867485
672,5,0.0,229,0.0028937890945852024
673,5,1.0,236,0.002849450031995943
674,5,2.0,247,0.0028592596022503644
675,5,3.0,216,0.0021012081947119595
676,5,4.0,272,0.0016399867354014049
677,5,5.0,428,0.0016837202349340478
678,5,6.0,564,0.0020234926056413825
679,5,7.0,629,0.0024268941542331746
680,5,8.0,721,0.0029541068640987927
681,5,9.0,759,0.003556634364866638
682,5,10.0,808,0.004014827034493724
683,5,11.0,807,0.004155959192291649
684,5,12.0,757,0.0041675612884756194
685,5,13.0,786,0.0047968948344888195
686,5,14.0,766,0.00564210216182374
687,5,15.0,720,0.006433338992288928
688,5,16.0,723,0.007013629529029441
689,5,17.0,679,0.0070481014760530635
690,5,18.0,612,0.006859986773228117
691,5,19.0,575,0.0069103101827927265
692,5,20.0,481,0.006066415265673674
693,5,21.0,380,0.005113988103248728
694,5,22.0,318,0.0043212392988177745
695,5,23.0,266,0.003531270328036428
696,5,24.0,217,0.0028044871794871795
697,5,25.0,238,0.002948792605716693
698,5,26.0,210,0.0025651674687904623
699,5,27.0,237,0.002706282686642154
700,5,28.0,264,0.0022410675630936917
701,5,29.0,375,0.002248646314918419
702,5,30.0,468,0.0023981675540228234
703,5,31.0,532,0.0026550218340611353
704,5,32.0,704,0.003597508316682934
705,5,33.0,685,0.0038253197073770035
706,5,34.0,725,0.004165732967898
707,5,35.0,736,0.0042994421240178755
708,5,36.0,745,0.004627530389520042
709,5,37.0,791,0.00545017328932772
710,5,38.0,735,0.006077846044438564
711,5,39.0,685,0.006794893414409142
712,5,40.0,669,0.007058376678870238
713,5,41.0,628,0.006989971394543815
714,5,42.0,596,0.006969700513372236
715,5,43.0,621,0.007561183489589675
716,5,44.0,472,0.006026788564424072
717,5,45.0,396,0.00541138851309802
718,5,46.0,312,0.004353164415671392
719,5,47.0,261,0.00355687594543398
720,5,48.0,208,0.002736446040704635
721,5,49.0,238,0.002985336728422162
722,5,50.0,205,0.002548324942507303
723,5,51.0,210,0.0024760647078243643
724,5,52.0,281,0.002684397061492754
725,5,53.0,411,0.0029161345253299275
726,5,54.0,561,0.0033064378289493074
727,5,55.0,695,0.0038704862890111603
728,5,56.0,806,0.004534739139974907
729,5,57.0,753,0.004565296471444161
730,5,58.0,801,0.004996444477712489
731,5,59.0,749,0.004690366900663164
732,5,60.0,749,0.004962499668724989
733,5,61.0,793,0.005714285714285714
734,5,62.0,745,0.006321595248196861
735,5,63.0,709,0.007171540414513013
736,5,64.0,737,0.007845600289552683
737,5,65.0,781,0.008509850069735007
738,5,66.0,666,0.007594936708860759
739,5,67.0,649,0.007726466421419813
740,5,68.0,575,0.007164484094845309
741,5,69.0,400,0.0052814344375932505
742,5,70.0,347,0.004534821416902992
743,5,71.0,257,0.003278855845166558
744,5,72.0,194,0.0024075154192675693
745,5,73.0,240,0.0028772838440512156
746,5,74.0,244,0.0029229958311370935
747,5,75.0,266,0.0029114311982837877
748,5,76.0,267,0.0021033227773313797
749,5,77.0,415,0.002241595367729669
750,5,78.0,641,0.002909074406045066
751,5,79.0,646,0.0029092284690072595
752,5,80.0,735,0.0034021005077692866
753,5,81.0,813,0.004136583578831682
754,5,82.0,846,0.00446308459286223
755,5,83.0,747,0.004010867464186766
756,5,84.0,801,0.004590520946759127
757,5,85.0,801,0.005021502814799955
758,5,86.0,787,0.005935098528668713
759,5,87.0,712,0.006601210840078251
760,5,88.0,725,0.007291781910346284
761,5,89.0,652,0.0068851905043507645
762,5,90.0,644,0.007300759551071307
763,5,91.0,642,0.007717366478741179
764,5,92.0,554,0.007274255176669861
765,5,93.0,397,0.005636882534183362
766,5,94.0,296,0.004145542141676704
767,5,95.0,231,0.0031962585787026787
768,5,96.0,258,0.0034946564265106264
769,5,97.0,257,0.003380778236733405
770,5,98.0,230,0.0030301034187471183
771,5,99.0,246,0.0029143811678849414
772,5,100.0,251,0.0021340633927356824
773,5,101.0,352,0.002060395338355547
774,5,102.0,503,0.0025782046879244684
775,5,103.0,665,0.0034093122930060394
776,5,104.0,687,0.003592288345194334
777,5,105.0,686,0.0039865178986517895
778,5,106.0,662,0.0039925215608226285
779,5,107.0,696,0.004288751270912284
780,5,108.0,689,0.004532417640248395
781,5,109.0,703,0.0051761587453521335
782,5,110.0,688,0.006172119602759512
783,5,111.0,614,0.006726555652936021
784,5,112.0,579,0.007146912879255438
785,5,113.0,545,0.007262018974522972
786,5,114.0,604,0.00843233885716679
787,5,115.0,556,0.008048289738430584
788,5,116.0,481,0.007251183405191907
789,5,117.0,451,0.0073359575783207
790,5,118.0,370,0.006375023690966419
791,5,119.0,256,0.0047013883787556015
792,5,120.0,215,0.004055609001565654
793,5,121.0,201,0.003781322898637971
794,5,122.0,194,0.0035968555324829427
795,5,123.0,197,0.0033904722566432603
796,5,124.0,246,0.0037027002618983114
797,5,125.0,354,0.004551005978016327
798,5,126.0,507,0.005731987201953624
799,5,127.0,609,0.0062870356988004045
800,5,128.0,666,0.0066776958941194165
801,5,129.0,808,0.008265561863843281
802,5,130.0,817,0.008631345412286726
803,5,131.0,793,0.008648518954761594
804,5,132.0,811,0.009169644068563158
805,5,133.0,768,0.009241988471582089
806,5,134.0,726,0.009301729660474056
807,5,135.0,705,0.00977917105920213
808,5,136.0,634,0.009242656170274801
809,5,137.0,687,0.010407356349699293
810,5,138.0,570,0.008623950374461004
811,5,139.0,543,0.00808529013237243
812,5,140.0,506,0.007579161798627962
813,5,141.0,436,0.006983710015857507
814,5,142.0,378,0.006450401870275251
815,5,143.0,319,0.0057597862198468875
816,5,144.0,240,0.004519008077726939
817,5,145.0,201,0.0038223828087857754
818,5,146.0,185,0.003453103126458236
819,5,147.0,193,0.0033857867129800188
820,5,148.0,211,0.0033209519012843114
821,5,149.0,334,0.004650061954418255
822,5,150.0,441,0.00551822515860205
823,5,151.0,623,0.007176840577372792
824,5,152.0,646,0.007005899705014749
825,5,153.0,682,0.007285312937305716
826,5,154.0,776,0.008471800694338304
827,5,155.0,733,0.008031556456472909
828,5,156.0,811,0.009144107068360939
829,5,157.0,770,0.009122141926312048
830,5,158.0,710,0.009048620404001784
831,5,159.0,635,0.009226298583363603
832,5,160.0,581,0.00799108739306247
833,5,161.0,487,0.006115862311469439
834,5,162.0,587,0.007570676846884028
835,5,163.0,493,0.006498984945556171
836,5,164.0,531,0.006408941136712008
837,5,165.0,478,0.005875845113706208
838,5,166.0,300,0.0036593398550901417
839,5,167.0,259,0.0030970488353183143
840,6,0.0,228,0.002689503857314743
841,6,1.0,240,0.0027423243484123085
842,6,2.0,221,0.00251476428351976
843,6,3.0,252,0.0024168720688233095
844,6,4.0,256,0.0015349746369425223
845,6,5.0,384,0.0015199673840332177
846,6,6.0,553,0.002013251783893986
847,6,7.0,661,0.0026295584649107103
848,6,8.0,761,0.003223442602813417
849,6,9.0,851,0.004103775859574673
850,6,10.0,856,0.0043796143278878085
851,6,11.0,839,0.004393866392944676
852,6,12.0,837,0.004736895720381668
853,6,13.0,876,0.005499092900771505
854,6,14.0,806,0.006120992117134221
855,6,15.0,698,0.006408373117884686
856,6,16.0,780,0.00765261071757942
857,6,17.0,816,0.008338272260938874
858,6,18.0,679,0.007404095697119055
859,6,19.0,657,0.007532848723887271
860,6,20.0,520,0.006347268843454379
861,6,21.0,491,0.006354341917950045
862,6,22.0,313,0.004017404474336101
863,6,23.0,281,0.0035320143794464417
864,6,24.0,249,0.0030163537250151424
865,6,25.0,232,0.0027798080494614123
866,6,26.0,238,0.002852383178130131
867,6,27.0,245,0.0027201065837681804
868,6,28.0,308,0.002557778386772632
869,6,29.0,414,0.0024616482340349627
870,6,30.0,570,0.002892094434494061
871,6,31.0,689,0.003389313577914859
872,6,32.0,748,0.003796838674964214
873,6,33.0,739,0.0041071984349295276
874,6,34.0,832,0.004743470601314716
875,6,35.0,829,0.004770564065970743
876,6,36.0,803,0.004933978088959072
877,6,37.0,826,0.005576484249470031
878,6,38.0,793,0.006366154216674026
879,6,39.0,757,0.007248597200145547
880,6,40.0,748,0.00772703325310166
881,6,41.0,755,0.008021504005439748
882,6,42.0,645,0.007273588416387564
883,6,43.0,593,0.006968272620446534
884,6,44.0,536,0.006655491401254113
885,6,45.0,442,0.005757232360335014
886,6,46.0,327,0.004199737997996455
887,6,47.0,285,0.003586258965647414
888,6,48.0,257,0.0031682631261018036
889,6,49.0,244,0.002883819879446874
890,6,50.0,262,0.003174295476023165
891,6,51.0,229,0.002650248243776546
892,6,52.0,299,0.002803773372592412
893,6,53.0,457,0.0031798382944377185
894,6,54.0,537,0.0030927122568160615
895,6,55.0,605,0.003309953934194833
896,6,56.0,751,0.00413348230748485
897,6,57.0,770,0.0045988544671599985
898,6,58.0,764,0.0046581389393588355
899,6,59.0,738,0.004525303066536672
900,6,60.0,829,0.005357685273151469
901,6,61.0,838,0.005975768898903967
902,6,62.0,897,0.007490292680890151
903,6,63.0,716,0.007033191556240975
904,6,64.0,690,0.007182188173330141
905,6,65.0,791,0.00830280573953752
906,6,66.0,710,0.0078001406222534715
907,6,67.0,669,0.007661387295152369
908,6,68.0,500,0.006009470926179659
909,6,69.0,361,0.004510526644592991
910,6,70.0,281,0.003484363762616869
911,6,71.0,287,0.0035096300825435646
912,6,72.0,223,0.0026698593235558216
913,6,73.0,254,0.0029981114258734653
914,6,74.0,225,0.002657124636859633
915,6,75.0,268,0.002926754687721827
916,6,76.0,278,0.002250010116951965
917,6,77.0,420,0.0023746388570071637
918,6,78.0,593,0.002829346960002672
919,6,79.0,719,0.003355094003294432
920,6,80.0,727,0.003488115458061049
921,6,81.0,782,0.004102488773240442
922,6,82.0,856,0.0046543493154409124
923,6,83.0,843,0.004669428811982098
924,6,84.0,833,0.004898847330039991
925,6,85.0,850,0.005483764830358122
926,6,86.0,775,0.005996038746015535
927,6,87.0,732,0.006894473119089779
928,6,88.0,707,0.0071834263012974875
929,6,89.0,756,0.008011444921316165
930,6,90.0,703,0.008003187613843351
931,6,91.0,612,0.007441905711541034
932,6,92.0,475,0.006206878528120427
933,6,93.0,403,0.005688153678951009
934,6,94.0,318,0.004427797658001364
935,6,95.0,242,0.003298036169371874
936,6,96.0,232,0.003174429423676865
937,6,97.0,209,0.0027534055278897584
938,6,98.0,237,0.0031206794390677465
939,6,99.0,254,0.003030013837858472
940,6,100.0,259,0.0021967955623033272
941,6,101.0,405,0.002352394505271106
942,6,102.0,548,0.0027643539583732685
943,6,103.0,677,0.003417155432620963
944,6,104.0,670,0.003497854301316655
945,6,105.0,674,0.00391855908652225
946,6,106.0,671,0.004124991547148469
947,6,107.0,783,0.0049007642187881405
948,6,108.0,717,0.004829095807374979
949,6,109.0,708,0.005312324141812042
950,6,110.0,699,0.006393253699672563
951,6,111.0,608,0.006835223887308743
952,6,112.0,620,0.007856952769575851
953,6,113.0,539,0.007366910407981959
954,6,114.0,602,0.008673351775011526
955,6,115.0,635,0.009359293704953793
956,6,116.0,538,0.0083099070155386
957,6,117.0,502,0.008289299867899603
958,6,118.0,384,0.006855184233076264
959,6,119.0,294,0.0054753701461961075
960,6,120.0,271,0.005262238101710713
961,6,121.0,228,0.004405711966918514
962,6,122.0,227,0.00432826144987225
963,6,123.0,200,0.00352069287235728
964,6,124.0,267,0.0041135145128489555
965,6,125.0,344,0.004496790807722977
966,6,126.0,462,0.005310833180062534
967,6,127.0,533,0.00569024970908198
968,6,128.0,616,0.006382361473745286
969,6,129.0,692,0.007264405463000871
970,6,130.0,779,0.008503160031873206
971,6,131.0,742,0.008388920293951385
972,6,132.0,736,0.00868600561757972
973,6,133.0,693,0.008749558103126104
974,6,134.0,712,0.009660262672310864
975,6,135.0,569,0.008363957077759812
976,6,136.0,606,0.009228941717557834
977,6,137.0,568,0.008835928628097631
978,6,138.0,561,0.008831863979848866
979,6,139.0,509,0.007797659170292297
980,6,140.0,500,0.00756864763404075
981,6,141.0,438,0.007062237987745888
982,6,142.0,312,0.005308289097590854
983,6,143.0,263,0.004818526593503234
984,6,144.0,210,0.003964134025483719
985,6,145.0,222,0.004227041642072393
986,6,146.0,190,0.0035615873432432938
987,6,147.0,188,0.003341687552213868
988,6,148.0,196,0.0030726300772860524
989,6,149.0,283,0.003971093804813022
990,6,150.0,413,0.0051817371993525966
991,6,151.0,519,0.005970526993914434
992,6,152.0,611,0.0066422429256307956
993,6,153.0,711,0.0076759476178652015
994,6,154.0,754,0.008236206538717816
995,6,155.0,774,0.008508860648168507
996,6,156.0,764,0.00856233469314565
997,6,157.0,770,0.009032046169004833
998,6,158.0,770,0.009472376336281662
999,6,159.0,767,0.009832324889754896
1000,6,160.0,663,0.007874763935244023
1001,6,161.0,688,0.007717676620375564
1002,6,162.0,624,0.007419473740532442
1003,6,163.0,549,0.006552798367171555
1004,6,164.0,450,0.00548700190216066
1005,6,165.0,439,0.005516946703027409
1006,6,166.0,331,0.004022506592778932
1007,6,167.0,227,0.0027358297277427597
1008,7,0.0,232,0.0027929934388731714
1009,7,1.0,227,0.002659917273057499
1010,7,2.0,222,0.0025393484626647146
1011,7,3.0,250,0.0024315754663761743
1012,7,4.0,267,0.0016531279409579473
1013,7,5.0,416,0.001709907599223965
1014,7,6.0,614,0.0022832153919953592
1015,7,7.0,687,0.002740119416557979
1016,7,8.0,841,0.003609860370085804
1017,7,9.0,932,0.004573784168425185
1018,7,10.0,785,0.004109861573579611
1019,7,11.0,838,0.004516911467457216
1020,7,12.0,892,0.005181196670558373
1021,7,13.0,869,0.00559911857373891
1022,7,14.0,858,0.00670364872255645
1023,7,15.0,722,0.006903145616215699
1024,7,16.0,814,0.008370352089503126
1025,7,17.0,710,0.007408876042199288
1026,7,18.0,638,0.007060099372558567
1027,7,19.0,644,0.007597744272197447
1028,7,20.0,475,0.006041565973900435
1029,7,21.0,465,0.006231907365712447
1030,7,22.0,330,0.004285324710740582
1031,7,23.0,242,0.003126170699254628
1032,7,24.0,236,0.002992303693466381
1033,7,25.0,242,0.0029976464759073453
1034,7,26.0,207,0.002546250738043692
1035,7,27.0,253,0.0029082799765498372
1036,7,28.0,253,0.0021842732327243845
1037,7,29.0,404,0.0024793185556128334
1038,7,30.0,534,0.0027681589151305284
1039,7,31.0,689,0.003521486690926933
1040,7,32.0,677,0.0035522953494839466
1041,7,33.0,783,0.0045531726832899145
1042,7,34.0,740,0.004467762677276597
1043,7,35.0,805,0.00491234065404307
1044,7,36.0,797,0.005196651191904439
1045,7,37.0,800,0.005735589331803843
1046,7,38.0,743,0.006459409177055622
1047,7,39.0,719,0.007621611880810286
1048,7,40.0,738,0.008531397392028114
1049,7,41.0,700,0.008464431250680178
1050,7,42.0,796,0.010021907184045527
1051,7,43.0,692,0.00890914474785318
1052,7,44.0,599,0.007977944114434884
1053,7,45.0,455,0.006311379903456695
1054,7,46.0,320,0.004348830572278923
1055,7,47.0,261,0.003467194494998472
1056,7,48.0,256,0.003315031596394903
1057,7,49.0,236,0.0029802495327574887
1058,7,50.0,237,0.002986729845874658
1059,7,51.0,244,0.002910583070903712
1060,7,52.0,250,0.0023705220837837325
1061,7,53.0,424,0.002979976525656614
1062,7,54.0,563,0.0032893199345641506
1063,7,55.0,689,0.0038175129097316107
1064,7,56.0,733,0.004060311973765843
1065,7,57.0,808,0.004856819985092929
1066,7,58.0,828,0.00509764326347674
1067,7,59.0,802,0.0049702836532204584
1068,7,60.0,842,0.005512996791723957
1069,7,61.0,834,0.005956547202422615
1070,7,62.0,860,0.007249308786836604
1071,7,63.0,828,0.008235691977162864
1072,7,64.0,717,0.00752653181193118
1073,7,65.0,625,0.0067273020827727245
1074,7,66.0,647,0.007287677404820905
1075,7,67.0,558,0.006521358031905569
1076,7,68.0,436,0.005389302975241345
1077,7,69.0,353,0.004576214057922166
1078,7,70.0,281,0.003525323363735588
1079,7,71.0,239,0.0028380416325270445
1080,7,72.0,227,0.002741810802976133
1081,7,73.0,226,0.0026728481207275822
1082,7,74.0,204,0.002422371311524075
1083,7,75.0,217,0.0023863986275458582
1084,7,76.0,288,0.002343120743940836
1085,7,77.0,436,0.0024361352613816688
1086,7,78.0,551,0.0025725424282746225
1087,7,79.0,618,0.0028677627274372505
1088,7,80.0,695,0.0033161244763386167
1089,7,81.0,701,0.003709269469696168
1090,7,82.0,749,0.004145657022986533
1091,7,83.0,740,0.004136296561284264
1092,7,84.0,745,0.004453104919933771
1093,7,85.0,665,0.00434981684981685
1094,7,86.0,661,0.005261691542288558
1095,7,87.0,700,0.0068669864720366505
1096,7,88.0,722,0.007589853564182619
1097,7,89.0,659,0.007179978863188172
1098,7,90.0,603,0.007066268236948497
1099,7,91.0,568,0.007006636567734932
1100,7,92.0,474,0.006345806278867394
1101,7,93.0,407,0.005868189223870698
1102,7,94.0,302,0.004286606483847159
1103,7,95.0,235,0.00322895340688935
1104,7,96.0,249,0.0033871560132221513
1105,7,97.0,220,0.0029258820869518956
1106,7,98.0,213,0.002840719648977741
1107,7,99.0,231,0.0027974229800426273
1108,7,100.0,252,0.0022001431839214934
1109,7,101.0,366,0.002229735904231015
1110,7,102.0,540,0.0028761344752652436
1111,7,103.0,607,0.003230837196676549
1112,7,104.0,599,0.0032707218521349788
1113,7,105.0,675,0.004122313625620638
1114,7,106.0,665,0.00429442306202051
1115,7,107.0,671,0.004435601152859674
1116,7,108.0,697,0.004954858889599773
1117,7,109.0,654,0.00520721366296429
1118,7,110.0,611,0.005923871943534157
1119,7,111.0,555,0.006612417046930289
1120,7,112.0,570,0.007518697814301355
1121,7,113.0,579,0.008200552368812408
1122,7,114.0,529,0.007839824530203331
1123,7,115.0,529,0.00796302986512524
1124,7,116.0,454,0.007099296325254105
1125,7,117.0,397,0.006587134347674592
1126,7,118.0,304,0.005420440767420298
1127,7,119.0,231,0.004304561717352415
1128,7,120.0,186,0.0035386781324911534
1129,7,121.0,205,0.003924872202331948
1130,7,122.0,200,0.0038167210549416995
1131,7,123.0,202,0.003656373312094993
1132,7,124.0,213,0.0033347945891783566
1133,7,125.0,308,0.004112973225612606
1134,7,126.0,380,0.004535580434938292
1135,7,127.0,539,0.00600516957083649
1136,7,128.0,565,0.006159783698922856
1137,7,129.0,570,0.006262359920896506
1138,7,130.0,637,0.007278918560670986
1139,7,131.0,712,0.008518682475682273
1140,7,132.0,614,0.007666183888528193
1141,7,133.0,642,0.008492625173622594
1142,7,134.0,624,0.008880918833525469
1143,7,135.0,577,0.008806068098225052
1144,7,136.0,565,0.008838759132080785
1145,7,137.0,586,0.009430318635339555
1146,7,138.0,589,0.009499540344822024
1147,7,139.0,540,0.008443964910634705
1148,7,140.0,502,0.0078015727473347216
1149,7,141.0,480,0.007873886583225341
1150,7,142.0,352,0.006118121458615775
1151,7,143.0,276,0.005110164784299204
1152,7,144.0,232,0.004426551678082845
1153,7,145.0,191,0.003703631886137558
1154,7,146.0,185,0.0035422969402213456
1155,7,147.0,170,0.003079152327476906
1156,7,148.0,222,0.0035766070565490574
1157,7,149.0,252,0.0035860145432812032
1158,7,150.0,423,0.00549929146244751
1159,7,151.0,498,0.006034827498454938
1160,7,152.0,527,0.006105897346773259
1161,7,153.0,612,0.00712514407460445
1162,7,154.0,591,0.007127265710736725
1163,7,155.0,630,0.007654921020656136
1164,7,156.0,628,0.007822425948531426
1165,7,157.0,603,0.007708631622008591
1166,7,158.0,630,0.008427868150684931
1167,7,159.0,624,0.008621285179402865
1168,7,160.0,566,0.0070348136271548775
1169,7,161.0,658,0.007519226593836062
1170,7,162.0,636,0.0075568546374848505
1171,7,163.0,551,0.006581540629964524
1172,7,164.0,512,0.006215553451331731
1173,7,165.0,421,0.005311096533279508
1174,7,166.0,330,0.004019831167090982
1175,7,167.0,289,0.0034595034595034596
1176,8,0.0,247,0.0029386919846283804
1177,8,1.0,221,0.0025415737056374635
1178,8,2.0,201,0.0023729133709536514
1179,8,3.0,237,0.0024475885572653104
1180,8,4.0,266,0.0018684892632111322
1181,8,5.0,386,0.0019470365699873896
1182,8,6.0,570,0.00276515133139611
1183,8,7.0,641,0.0033598909738966347
1184,8,8.0,650,0.0036589210123390073
1185,8,9.0,743,0.004683560262228946
1186,8,10.0,753,0.005008780332056194
1187,8,11.0,822,0.0055590120918657185
1188,8,12.0,779,0.005533259935362432
1189,8,13.0,771,0.005950359645602445
1190,8,14.0,789,0.007035534352846761
1191,8,15.0,684,0.007175000786732543
1192,8,16.0,704,0.007638474475126132
1193,8,17.0,678,0.00734688570066317
1194,8,18.0,703,0.008026122001621208
1195,8,19.0,572,0.006877562553355216
1196,8,20.0,489,0.006222324018934189
1197,8,21.0,416,0.005540608934231906
1198,8,22.0,344,0.00443213296398892
1199,8,23.0,289,0.003653464470374069
1200,8,24.0,254,0.0031690184776234855
1201,8,25.0,235,0.0028656439772699557
1202,8,26.0,233,0.0028541329805477976
1203,8,27.0,240,0.0026081853550392314
1204,8,28.0,223,0.001690456878188558
1205,8,29.0,407,0.0020857462051718308
1206,8,30.0,541,0.002410690812193372
1207,8,31.0,641,0.002924083315846616
1208,8,32.0,680,0.003254226905756632
1209,8,33.0,686,0.003705244054595637
1210,8,34.0,749,0.0042632151130691165
1211,8,35.0,741,0.004353343438260072
1212,8,36.0,720,0.0045223289994347085
1213,8,37.0,768,0.0053270444613997365
1214,8,38.0,764,0.0063573954649469525
1215,8,39.0,758,0.007544991240643415
1216,8,40.0,770,0.00817487870391014
1217,8,41.0,675,0.0074317108348839
1218,8,42.0,651,0.00741474748855327
1219,8,43.0,580,0.006835672783415243
1220,8,44.0,504,0.0062309147328989825
1221,8,45.0,441,0.005826551104534405
1222,8,46.0,330,0.004246994929345448
1223,8,47.0,247,0.0031107137009936652
1224,8,48.0,281,0.003445020657864087
1225,8,49.0,226,0.0026955142349391124
1226,8,50.0,251,0.003060602365565175
1227,8,51.0,249,0.002884181020003938
1228,8,52.0,314,0.002894542772861357
1229,8,53.0,387,0.002656051611132082
1230,8,54.0,550,0.003141708175295892
1231,8,55.0,580,0.003140414426414134
1232,8,56.0,665,0.0036579663907148163
1233,8,57.0,690,0.004096827630430523
1234,8,58.0,775,0.004785427601111454
1235,8,59.0,701,0.004363115799956431
1236,8,60.0,715,0.004704721171245271
1237,8,61.0,707,0.005106794854199923
1238,8,62.0,751,0.006266898094061885
1239,8,63.0,679,0.006676959082729392
1240,8,64.0,668,0.006838796863162636
1241,8,65.0,622,0.006447332960175798
1242,8,66.0,683,0.007369045692398986
1243,8,67.0,573,0.006434370543384277
1244,8,68.0,546,0.006445824380799471
1245,8,69.0,412,0.005158963699427756
1246,8,70.0,324,0.003981468965432493
1247,8,71.0,250,0.0030167368560775182
1248,8,72.0,208,0.0024805018245998996
1249,8,73.0,251,0.0029861400273630363
1250,8,74.0,230,0.0027754983829705072
1251,8,75.0,194,0.0021648644727885464
1252,8,76.0,266,0.002183603273763104
1253,8,77.0,355,0.002074506939371804
1254,8,78.0,533,0.0026792805654136547
1255,8,79.0,640,0.0031959251953758957
1256,8,80.0,707,0.003649955343544948
1257,8,81.0,720,0.0040999476117805165
1258,8,82.0,720,0.0042451328372817
1259,8,83.0,735,0.004328774868369907
1260,8,84.0,728,0.004587820848116661
1261,8,85.0,749,0.005154993943398304
1262,8,86.0,723,0.005898958911262687
1263,8,87.0,683,0.006716821556768451
1264,8,88.0,644,0.006704562017198659
1265,8,89.0,653,0.00692301983609512
1266,8,90.0,582,0.006584678742348988
1267,8,91.0,526,0.00639280505590666
1268,8,92.0,468,0.0061646271586074265
1269,8,93.0,394,0.005636704387759482
1270,8,94.0,344,0.0047900189372841705
1271,8,95.0,226,0.0031058034548627814
1272,8,96.0,225,0.0030354131534569982
1273,8,97.0,226,0.0030678594214505815
1274,8,98.0,173,0.0023444275802254988
1275,8,99.0,235,0.002845518610902574
1276,8,100.0,248,0.0021624261025757286
1277,8,101.0,402,0.002426979316340453
1278,8,102.0,490,0.002540979781060885
1279,8,103.0,602,0.003135400336456581
1280,8,104.0,693,0.0036864447352462416
1281,8,105.0,672,0.004020485330014837
1282,8,106.0,660,0.004069150903844731
1283,8,107.0,686,0.004212077487489639
1284,8,108.0,689,0.004535132466677637
1285,8,109.0,737,0.00546112008536242
1286,8,110.0,670,0.006018360490810772
1287,8,111.0,636,0.006933467060580623
1288,8,112.0,609,0.007444168734491315
1289,8,113.0,589,0.0077178086140702595
1290,8,114.0,540,0.0073907806854264756
1291,8,115.0,497,0.00698740299178945
1292,8,116.0,487,0.007052043210055316
1293,8,117.0,377,0.005950971571088065
1294,8,118.0,268,0.0045072317524386145
1295,8,119.0,263,0.004563516163176068
1296,8,120.0,198,0.0035588467898482997
1297,8,121.0,161,0.0029261554679122516
1298,8,122.0,207,0.003718073068218558
1299,8,123.0,210,0.0035697893824264367
1300,8,124.0,238,0.0034702983290076112
1301,8,125.0,328,0.004049882701568095
1302,8,126.0,443,0.004835769411302383
1303,8,127.0,546,0.005528050299182942
1304,8,128.0,638,0.0062096083469594335
1305,8,129.0,667,0.006730914778747666
1306,8,130.0,673,0.007125086019797788
1307,8,131.0,696,0.007646671061305207
1308,8,132.0,622,0.007044327164828196
1309,8,133.0,692,0.008326414708395
1310,8,134.0,629,0.008161094027739934
1311,8,135.0,591,0.008178685598040436
1312,8,136.0,595,0.008669930640554876
1313,8,137.0,654,0.009636494909160563
1314,8,138.0,517,0.007626718593261344
1315,8,139.0,521,0.00758800483535049
1316,8,140.0,482,0.007019587854074128
1317,8,141.0,380,0.005970524463438393
1318,8,142.0,360,0.005900381885827611
1319,8,143.0,232,0.0040157861940040155
1320,8,144.0,205,0.0036200533295661233
1321,8,145.0,204,0.0037550389309183277
1322,8,146.0,175,0.003211539520287754
1323,8,147.0,184,0.0031986649050830956
1324,8,148.0,246,0.003744748218961213
1325,8,149.0,291,0.003906354874218058
1326,8,150.0,402,0.00484991796158672
1327,8,151.0,504,0.005592791513160815
1328,8,152.0,636,0.006763798787620972
1329,8,153.0,631,0.006612730816792773
1330,8,154.0,672,0.007197249622465701
1331,8,155.0,700,0.007503403329367248
1332,8,156.0,689,0.007624380311614731
1333,8,157.0,663,0.007592414456506802
1334,8,158.0,672,0.007938289251414599
1335,8,159.0,666,0.008135046660477843
1336,8,160.0,639,0.007211131549546906
1337,8,161.0,642,0.006721246257249942
1338,8,162.0,586,0.006503018465909091
1339,8,163.0,507,0.005785161687852302
1340,8,164.0,452,0.00526978501142564
1341,8,165.0,380,0.004593088610348954
1342,8,166.0,289,0.003349598395901668
1343,8,167.0,212,0.0024058102587380843
1344,9,0.0,213,0.0024285681709347137
1345,9,1.0,199,0.00225887374144409
1346,9,2.0,225,0.0025327569904092934
1347,9,3.0,237,0.0022494518740686603
1348,9,4.0,277,0.0017041854055284513
1349,9,5.0,354,0.0014475744948823743
1350,9,6.0,590,0.002164692760386856
1351,9,7.0,701,0.0027446711876086514
1352,9,8.0,722,0.00299046530314703
1353,9,9.0,704,0.003283107386525269
1354,9,10.0,736,0.0036280106079875384
1355,9,11.0,781,0.003950589806365457
1356,9,12.0,791,0.004265323619970989
1357,9,13.0,756,0.0044969752487909916
1358,9,14.0,754,0.0054132833645638145
1359,9,15.0,772,0.0067773398063366375
1360,9,16.0,785,0.007303548501144378
1361,9,17.0,758,0.0071636487354931385
1362,9,18.0,639,0.006701766161849226
1363,9,19.0,643,0.00710709272379605
1364,9,20.0,490,0.005807889247107908
1365,9,21.0,419,0.005238089285044567
1366,9,22.0,348,0.0042535507370376705
1367,9,23.0,260,0.0030696576151121604
1368,9,24.0,219,0.0025354852154583557
1369,9,25.0,223,0.0025153401913012093
1370,9,26.0,218,0.0025187170718180977
1371,9,27.0,222,0.002406764960971379
1372,9,28.0,276,0.0022531347962382446
1373,9,29.0,386,0.0022687065433963597
1374,9,30.0,562,0.002828114070622336
1375,9,31.0,656,0.0032248549798446565
1376,9,32.0,682,0.003430687042868497
1377,9,33.0,726,0.003972770651840827
1378,9,34.0,749,0.004121045392022008
1379,9,35.0,737,0.004116122690615017
1380,9,36.0,815,0.004823741092355406
1381,9,37.0,763,0.005022545502419116
1382,9,38.0,761,0.005949123657342985
1383,9,39.0,690,0.006580829756795422
1384,9,40.0,646,0.006664603321984938
1385,9,41.0,709,0.007400448828349251
1386,9,42.0,666,0.007512436127373016
1387,9,43.0,572,0.006603784476488449
1388,9,44.0,510,0.006115181237185098
1389,9,45.0,417,0.0053169108365528055
1390,9,46.0,315,0.00391144003079483
1391,9,47.0,251,0.003044158490291439
1392,9,48.0,243,0.002889073831886815
1393,9,49.0,244,0.0027864696343329605
1394,9,50.0,229,0.002654426168700954
1395,9,51.0,255,0.00288041206836178
1396,9,52.0,301,0.00275911378365248
1397,9,53.0,422,0.0028509660856640994
1398,9,54.0,570,0.0032085380887245216
1399,9,55.0,706,0.0037673023767088934
1400,9,56.0,719,0.0038713359608882
1401,9,57.0,781,0.0045697367574177765
1402,9,58.0,760,0.004538153329870006
1403,9,59.0,800,0.004786062984588877
1404,9,60.0,850,0.005287680947552426
1405,9,61.0,781,0.005321250936839953
1406,9,62.0,756,0.0060807876067757345
1407,9,63.0,682,0.006479563722043818
1408,9,64.0,689,0.006974954951306918
1409,9,65.0,676,0.006928359126780773
1410,9,66.0,645,0.006970561535468811
1411,9,67.0,592,0.006631418585894794
1412,9,68.0,547,0.006361796655113861
1413,9,69.0,475,0.005851771546838812
1414,9,70.0,350,0.004162751697808014
1415,9,71.0,254,0.002969891844489915
1416,9,72.0,255,0.002911390959845639
1417,9,73.0,245,0.002738990933381033
1418,9,74.0,233,0.0026630701884722205
1419,9,75.0,235,0.002485799210890974
1420,9,76.0,298,0.00234849081881945
1421,9,77.0,424,0.002298701017066771
1422,9,78.0,571,0.0025982772193428316
1423,9,79.0,642,0.002896131724371264
1424,9,80.0,694,0.003219327095693802
1425,9,81.0,696,0.003535902620428982
1426,9,82.0,695,0.003646762514429636
1427,9,83.0,738,0.00386964842828304
1428,9,84.0,720,0.004011343187123588
1429,9,85.0,735,0.004530492991604719
1430,9,86.0,707,0.005194938792305318
1431,9,87.0,661,0.005969529210956479
1432,9,88.0,707,0.006821098129263186
1433,9,89.0,698,0.007050362618936991
1434,9,90.0,630,0.006751326153351551
1435,9,91.0,637,0.007273599232675246
1436,9,92.0,586,0.00714372790442521
1437,9,93.0,467,0.006163795947997096
1438,9,94.0,370,0.0046979950988483565
1439,9,95.0,277,0.003465662416955472
1440,9,96.0,261,0.0032743695897628905
1441,9,97.0,265,0.0032551683474800084
1442,9,98.0,228,0.002800982800982801
1443,9,99.0,250,0.00282386960499712
1444,9,100.0,283,0.0023274366123049845
1445,9,101.0,401,0.0023126387727443122
1446,9,102.0,523,0.002618233518395218
1447,9,103.0,684,0.0034049162211403482
1448,9,104.0,669,0.003421609844416485
1449,9,105.0,657,0.00372797684909354
1450,9,106.0,635,0.003735030468437522
1451,9,107.0,663,0.003999034923698655
1452,9,108.0,697,0.004501944168141479
1453,9,109.0,604,0.004376462745723167
1454,9,110.0,734,0.005589314813968718
1455,9,111.0,654,0.006691495457149873
1456,9,112.0,671,0.00816341427806706
1457,9,113.0,564,0.007422810665683978
1458,9,114.0,568,0.007743694614860259
1459,9,115.0,550,0.007744515474950013
1460,9,116.0,463,0.006814435417402567
1461,9,117.0,419,0.0066611554481574515
1462,9,118.0,344,0.005637680684388214
1463,9,119.0,254,0.004449427180044144
1464,9,120.0,224,0.004026097740712116
1465,9,121.0,196,0.0035873126269743948
1466,9,122.0,167,0.002997720296540954
1467,9,123.0,230,0.003886907880283237
1468,9,124.0,241,0.003495387828508441
1469,9,125.0,340,0.004303470622484368
1470,9,126.0,440,0.004891388932120861
1471,9,127.0,566,0.005799655709484384
1472,9,128.0,708,0.006999574884576219
1473,9,129.0,697,0.0069291182026046325
1474,9,130.0,688,0.007213932956559122
1475,9,131.0,678,0.007357249820951885
1476,9,132.0,638,0.007233396068116369
1477,9,133.0,682,0.008217263482577473
1478,9,134.0,604,0.007845989971681691
1479,9,135.0,649,0.009145739973506947
1480,9,136.0,683,0.0099980969947155
1481,9,137.0,600,0.008980557093891724
1482,9,138.0,537,0.008042052295803756
1483,9,139.0,528,0.007756379181173153
1484,9,140.0,474,0.006978079408777069
1485,9,141.0,419,0.006554658657155372
1486,9,142.0,305,0.005010349245983507
1487,9,143.0,297,0.005150437873926992
1488,9,144.0,191,0.0033882670167284597
1489,9,145.0,195,0.0035783099366914397
1490,9,146.0,203,0.0036443933790528166
1491,9,147.0,223,0.0037820328002306533
1492,9,148.0,217,0.003362985463224127
1493,9,149.0,317,0.004248760219809677
1494,9,150.0,458,0.005443308771095793
1495,9,151.0,553,0.006190598797702874
1496,9,152.0,601,0.006428701316760619
1497,9,153.0,634,0.006689810173998375
1498,9,154.0,668,0.007133779728531915
1499,9,155.0,752,0.00812481092527767
1500,9,156.0,687,0.007601239212215092
1501,9,157.0,659,0.007492552925392819
1502,9,158.0,651,0.007688855293617423
1503,9,159.0,637,0.007842219951493961
1504,9,160.0,648,0.007296557781305949
1505,9,161.0,672,0.006951915914921791
1506,9,162.0,613,0.006718249967121126
1507,9,163.0,529,0.005872231781095632
1508,9,164.0,442,0.005049293441630396
1509,9,165.0,407,0.004853963672792758
1510,9,166.0,317,0.003636405350219102
1511,9,167.0,260,0.0028986476693757873
1512,10,0.0,251,0.0027544883894473466
1513,10,1.0,207,0.002251541816678813
1514,10,2.0,264,0.0028872022572672194
1515,10,3.0,258,0.0023953207687308514
1516,10,4.0,299,0.0017744175281592346
1517,10,5.0,400,0.0015670910871694416
1518,10,6.0,539,0.0019325230361048366
1519,10,7.0,671,0.0025640339782267278
1520,10,8.0,779,0.003165585734952293
1521,10,9.0,740,0.003408096532031502
1522,10,10.0,754,0.003695643649766694
1523,10,11.0,697,0.0035073417670561475
1524,10,12.0,752,0.004087934071190937
1525,10,13.0,765,0.004575139945457155
1526,10,14.0,750,0.005453672866886753
1527,10,15.0,720,0.0063722453314452605
1528,10,16.0,747,0.007048832271762208
1529,10,17.0,726,0.007100105621405939
1530,10,18.0,656,0.0068675278993320914
1531,10,19.0,571,0.006348323975762966
1532,10,20.0,542,0.006397091801808182
1533,10,21.0,469,0.005886118048670289
1534,10,22.0,357,0.004325280476871259
1535,10,23.0,273,0.003211651353481642
1536,10,24.0,246,0.002792503377112824
1537,10,25.0,202,0.002270300646248946
1538,10,26.0,245,0.0027822571486974495
1539,10,27.0,299,0.003162682462449757
1540,10,28.0,429,0.0033704157631752616
1541,10,29.0,416,0.002055478145721542
1542,10,30.0,511,0.002340161475721397
1543,10,31.0,768,0.0035998875035155153
1544,10,32.0,846,0.004086206396893324
1545,10,33.0,765,0.004037194967491345
1546,10,34.0,748,0.004037982951938286
1547,10,35.0,816,0.004443597353445694
1548,10,36.0,798,0.004649916091739698
1549,10,37.0,803,0.005164385676065034
1550,10,38.0,796,0.006072951713930405
1551,10,39.0,700,0.006433764395547835
1552,10,40.0,671,0.006721561085066314
1553,10,41.0,744,0.007634997844960286
1554,10,42.0,703,0.0076183664401746915
1555,10,43.0,580,0.006535137632252031
1556,10,44.0,494,0.005836621848342352
1557,10,45.0,390,0.004956472008642054
1558,10,46.0,322,0.004000646067066732
1559,10,47.0,292,0.0034647650011272353
1560,10,48.0,234,0.0027106235592572426
1561,10,49.0,235,0.0026721246233441355
1562,10,50.0,269,0.0031199619573411895
1563,10,51.0,254,0.002814435617015147
1564,10,52.0,317,0.0028491052730916836
1565,10,53.0,502,0.0033971023123303985
1566,10,54.0,600,0.00335418518456404
1567,10,55.0,763,0.0040763119794421385
1568,10,56.0,683,0.003651273936426135
1569,10,57.0,744,0.00431324351274262
1570,10,58.0,710,0.004200412942004721
1571,10,59.0,719,0.004299390670501635
1572,10,60.0,744,0.0047113953709273975
1573,10,61.0,681,0.004781866823955678
1574,10,62.0,701,0.005804373566501892
1575,10,63.0,683,0.006578123645609608
1576,10,64.0,675,0.0068792613202066834
1577,10,65.0,676,0.006848343632863945
1578,10,66.0,573,0.006031388482468975
1579,10,67.0,508,0.005592496367079132
1580,10,68.0,442,0.005105517886639021
1581,10,69.0,425,0.0050726280987789885
1582,10,70.0,346,0.0039692099436739285
1583,10,71.0,244,0.0027405876538772575
1584,10,72.0,234,0.0025848927379979233
1585,10,73.0,242,0.002633039201819191
1586,10,74.0,250,0.002766649697881853
1587,10,75.0,209,0.0021502057613168725
1588,10,76.0,274,0.0020955061335617485
1589,10,77.0,422,0.0022391187847209328
1590,10,78.0,571,0.002578390289718951
1591,10,79.0,649,0.0029123904487953294
1592,10,80.0,718,0.003310754418566047
1593,10,81.0,711,0.003631664436249221
1594,10,82.0,678,0.0035598025832195737
1595,10,83.0,676,0.0036020290719979537
1596,10,84.0,783,0.004466068148891753
1597,10,85.0,732,0.004600908868063282
1598,10,86.0,694,0.005248788014006852
1599,10,87.0,676,0.0063123295857767155
1600,10,88.0,674,0.006641048379150655
1601,10,89.0,638,0.0064836739464029835
1602,10,90.0,590,0.006389291979814169
1603,10,91.0,596,0.006823437821995283
1604,10,92.0,527,0.006518808060067043
1605,10,93.0,361,0.004786211468346039
1606,10,94.0,296,0.003810308429020133
1607,10,95.0,222,0.002750145559505965
1608,10,96.0,203,0.002490308651062368
1609,10,97.0,252,0.003020061839361473
1610,10,98.0,229,0.00280005869118654
1611,10,99.0,223,0.0024798443147067
1612,10,100.0,260,0.0021254853872879624
1613,10,101.0,418,0.0024248893426693507
1614,10,102.0,569,0.0028542191277827382
1615,10,103.0,646,0.0032489576679927377
1616,10,104.0,703,0.0035976561500473377
1617,10,105.0,716,0.00405140073219449
1618,10,106.0,682,0.0040619900177488715
1619,10,107.0,659,0.004028338967302602
1620,10,108.0,677,0.004446955116625832
1621,10,109.0,705,0.005175907435686597
1622,10,110.0,660,0.005823392390767276
1623,10,111.0,642,0.006966674986164313
1624,10,112.0,590,0.007296291258053745
1625,10,113.0,589,0.007861614233659454
1626,10,114.0,557,0.007753340757238308
1627,10,115.0,566,0.008131366098237246
1628,10,116.0,466,0.0069220599812837005
1629,10,117.0,366,0.005863223491341333
1630,10,118.0,274,0.004569941791617326
1631,10,119.0,288,0.005082323045158558
1632,10,120.0,227,0.004059225349594077
1633,10,121.0,214,0.003894236893345222
1634,10,122.0,186,0.003372620126926564
1635,10,123.0,219,0.003676223729268784
1636,10,124.0,251,0.003604457464529841
1637,10,125.0,348,0.0043448947486703126
1638,10,126.0,480,0.005332207645052711
1639,10,127.0,645,0.006602180254874866
1640,10,128.0,777,0.007662344065874464
1641,10,129.0,736,0.007374749498997996
1642,10,130.0,730,0.007653034480589598
1643,10,131.0,703,0.007716032444654205
1644,10,132.0,710,0.008015896312687697
1645,10,133.0,703,0.008429357666159067
1646,10,134.0,667,0.008586398218354552
1647,10,135.0,680,0.009544395474833675
1648,10,136.0,656,0.00953432939945352
1649,10,137.0,594,0.009126386626924377
1650,10,138.0,565,0.008487179102011386
1651,10,139.0,556,0.00825305407531654
1652,10,140.0,470,0.007004262168042681
1653,10,141.0,425,0.006812644267760964
1654,10,142.0,330,0.005582811706986973
1655,10,143.0,230,0.004014381959716549
1656,10,144.0,224,0.004010455831274394
1657,10,145.0,197,0.003656205341400494
1658,10,147.0,218,0.0038573829956648677
1659,10,148.0,236,0.003909550236063944
1660,10,149.0,260,0.0038278075496142746
1661,10,150.0,317,0.004234175270813576
1662,10,151.0,446,0.0053758904571917605
1663,10,152.0,513,0.0057659237279563
1664,10,153.0,619,0.006649621863183224
1665,10,154.0,637,0.0066776388204585245
1666,10,155.0,712,0.007453702249719963
1667,10,156.0,704,0.007547817136975727
1668,10,157.0,665,0.007450646469626011
1669,10,158.0,676,0.007978754794924757
1670,10,159.0,677,0.008462817355650836
1671,10,160.0,634,0.007878810473598528
1672,10,161.0,682,0.00796961729477067
1673,10,162.0,659,0.007162498505548491
1674,10,163.0,614,0.007141112571382049
1675,10,164.0,454,0.00566247178118413
1676,10,165.0,424,0.005619615639496355
1677,10,166.0,347,0.0047754703218969765
1678,10,167.0,254,0.003231099973286181
1679,11,0.0,227,0.0026956418477615484
1680,11,1.0,243,0.0028080798742719792
1681,11,2.0,221,0.002419213591382783
1682,11,3.0,239,0.0023024826350420517
1683,11,4.0,293,0.001966139454983459
1684,11,5.0,356,0.0015879671344330155
1685,11,6.0,555,0.002204638081845699
1686,11,7.0,620,0.0025011699020509592
1687,11,8.0,739,0.003097311751343286
1688,11,9.0,747,0.003506712984696273
1689,11,10.0,809,0.00399818129701199
1690,11,11.0,844,0.004349663467980498
1691,11,12.0,844,0.0045605351604292525
1692,11,13.0,854,0.00509665136875526
1693,11,14.0,838,0.006002177400870961
1694,11,15.0,834,0.007249085172404801
1695,11,16.0,766,0.0075085524961526024
1696,11,17.0,688,0.007230384429451206
1697,11,18.0,714,0.007578250209622467
1698,11,19.0,650,0.007230818862425328
1699,11,20.0,595,0.00701113533258705
1700,11,21.0,443,0.005527895281947616
1701,11,22.0,332,0.004297345224380962
1702,11,23.0,263,0.0032597513664927307
1703,11,24.0,261,0.0030632005164016197
1704,11,25.0,275,0.0031350106590362407
1705,11,26.0,289,0.0031638294378455306
1706,11,27.0,240,0.002488671360577372
1707,11,28.0,266,0.0022970639032815197
1708,11,29.0,360,0.002302909342135565
1709,11,30.0,531,0.002877378172024948
1710,11,31.0,668,0.0033956375207779468
1711,11,32.0,777,0.003920777090954964
1712,11,33.0,807,0.0044244876476199875
1713,11,34.0,832,0.004682997118155619
1714,11,35.0,901,0.0051635605070719575
1715,11,36.0,875,0.005208364335501997
1716,11,37.0,830,0.005172918835033749
1717,11,38.0,855,0.006119031260735142
1718,11,39.0,733,0.006009428161508506
1719,11,40.0,796,0.007186061207908279
1720,11,41.0,677,0.006405586201023758
1721,11,42.0,716,0.006936102607819584
1722,11,43.0,588,0.005928674416963269
1723,11,44.0,548,0.005830035320651942
1724,11,45.0,476,0.005434472365251344
1725,11,46.0,373,0.004485059820838093
1726,11,47.0,287,0.0032927570817223297
1727,11,48.0,240,0.0025563189007828725
1728,11,49.0,229,0.0023896982092916474
1729,11,50.0,240,0.002438082854182328
1730,11,51.0,262,0.0024946441323494407
1731,11,52.0,263,0.002152420859658886
1732,11,53.0,384,0.0023785926660059467
1733,11,54.0,579,0.003002131046390443
1734,11,55.0,665,0.003200654569957164
1735,11,56.0,736,0.0035305009377893117
1736,11,57.0,759,0.0038755533769396916
1737,11,58.0,767,0.004044121524006369
1738,11,59.0,785,0.0043083340193737826
1739,11,60.0,805,0.004599789723898336
1740,11,61.0,781,0.004795912727897965
1741,11,62.0,777,0.005209555545126015
1742,11,63.0,839,0.006214308463754805
1743,11,64.0,875,0.007186445132518048
