HourlyActiveSessions,HourlyActiveUsers,EventUtcYear,EventUtcMonth,EventUtcDay,EventUtcHour
192069,190801,2017,3,31,15
79703,79412,2017,2,12,14
115828,115422,2017,2,14,12
87324,86795,2017,2,26,21
81982,81361,2017,3,25,0
171179,170674,2017,1,24,13
112990,112306,2017,3,6,23
103829,103156,2017,3,8,23
167898,166784,2017,3,10,18
163591,162503,2017,3,10,19
65051,64665,2017,3,18,10
61704,61361,2017,3,19,10
86223,85699,2017,3,23,6
95000,94311,2017,3,23,8
81802,81287,2017,4,7,23
82338,81937,2017,1,4,7
195747,194916,2017,1,4,16
70489,70195,2017,1,7,4
90251,89878,2017,1,16,4
162428,161778,2017,2,15,18
89756,89393,2017,2,18,15
74494,74070,2017,2,26,13
84725,84225,2017,3,12,21
174615,173615,2017,3,21,12
144995,143945,2017,3,24,20
60092,59723,2017,4,1,7
99047,98474,2017,4,1,16
102214,101605,2017,4,7,1
192351,191507,2017,1,5,16
86882,86554,2017,1,16,5
110118,109675,2017,1,26,23
102430,101868,2017,4,7,0
90517,90144,2017,1,4,11
94599,94206,2017,1,11,4
97840,97367,2017,1,14,20
210851,210183,2017,1,20,14
98897,98482,2017,1,26,0
73286,72974,2017,1,28,1
152016,151432,2017,2,3,20
104590,104185,2017,2,13,23
80092,79723,2017,2,18,20
83719,83391,2017,2,20,3
150336,149723,2017,2,20,18
171125,170651,2017,2,23,13
179491,178319,2017,3,2,20
54495,54144,2017,3,5,9
111263,110594,2017,3,8,12
83783,83237,2017,3,9,5
55854,55553,2017,3,12,8
91571,91013,2017,3,20,2
85734,85136,2017,3,29,6
69765,69371,2017,4,1,11
205042,204326,2017,1,24,15
174490,173858,2017,2,2,20
84162,83823,2017,2,20,2
86279,85692,2017,2,27,6
173549,172389,2017,3,28,19
61708,61443,2017,1,1,13
110679,110250,2017,1,13,1
91786,91146,2017,3,28,7
183905,183179,2017,1,24,17
117801,117413,2017,1,31,12
101937,101559,2017,2,16,23
193701,192977,2017,2,23,16
144644,143739,2017,3,27,21
201401,200087,2017,4,6,18
103902,103729,2017,1,3,22
70405,70113,2017,1,22,3
191243,190515,2017,2,3,16
85565,85232,2017,2,16,3
124326,123574,2017,3,1,22
215573,214187,2017,3,2,16
278910,277257,2017,3,6,14
80681,80155,2017,3,14,6
109426,108746,2017,3,16,2
100930,100302,2017,3,22,1
93510,92805,2017,4,4,7
203429,202184,2017,4,4,13
82238,81756,2017,4,7,4
74094,73790,2017,1,6,7
61632,61338,2017,1,7,6
96453,95988,2017,1,8,19
85831,85455,2017,1,19,8
70962,70510,2017,3,4,23
83330,82816,2017,3,23,4
102420,101806,2017,4,3,23
94027,93474,2017,4,5,0
217520,216903,2017,1,6,14
59107,58870,2017,1,14,6
116009,115533,2017,1,20,22
93474,93050,2017,1,22,20
94930,94516,2017,1,24,2
218988,218253,2017,1,26,16
92208,91822,2017,2,5,16
91987,91578,2017,2,12,16
77138,76829,2017,2,16,5
122913,122516,2017,2,16,12
94323,93973,2017,2,24,1
204024,202726,2017,3,6,18
189488,188262,2017,3,7,17
83692,83130,2017,3,17,7
60975,60643,2017,3,18,6
166778,166402,2017,2,6,12
58776,58512,2017,2,12,6
71265,70970,2017,2,12,13
161512,161111,2017,2,13,12
100807,100068,2017,3,26,18
192415,191877,2017,1,12,13
130787,130393,2017,1,13,12
180437,179712,2017,1,13,18
155639,155089,2017,1,18,13
79135,78795,2017,1,30,8
91613,91229,2017,2,11,18
55246,54989,2017,2,18,11
86027,85604,2017,1,4,9
87720,87378,2017,1,9,4
104458,104005,2017,1,25,23
62902,62521,2017,3,4,5
67927,67547,2017,3,5,4
149716,148714,2017,3,29,20
94531,93897,2017,3,30,7
61477,61114,2017,4,1,9
84128,83612,2017,4,3,5
85183,84658,2017,4,5,3
65324,64926,2017,4,9,1
174023,173294,2017,1,16,17
233374,232520,2017,1,17,16
162149,161511,2017,1,17,21
100135,99653,2017,1,21,17
180536,179863,2017,2,9,19
51571,51354,2017,2,19,9
97952,97329,2017,3,30,10
80174,79603,2017,3,31,6
69872,69463,2017,4,8,22
55461,55227,2017,1,8,10
87914,87526,2017,1,10,8
214703,214042,2017,1,13,14
82228,81895,2017,1,14,13
80139,79752,2017,1,21,22
91707,91276,2017,1,22,21
200375,199697,2017,1,31,15
90473,89900,2017,2,28,3
54637,54308,2017,3,4,9
86573,86075,2017,3,9,4
249314,248033,2017,3,27,12
277856,276236,2017,3,27,13
93020,92431,2017,3,28,2
102026,101255,2017,4,3,9
66165,65838,2017,4,9,3
76940,76598,2017,1,25,5
75604,75253,2017,1,26,7
63923,63634,2017,2,19,0
102017,101387,2017,3,13,23
122501,121819,2017,3,21,0
227688,226272,2017,3,23,13
97633,97213,2017,1,10,11
94151,93740,2017,1,11,10
90197,89791,2017,1,29,21
194179,193500,2017,1,30,19
55637,55302,2017,3,4,8
84638,84110,2017,3,8,4
103557,102781,2017,3,25,16
98796,98082,2017,4,3,8
69105,68704,2017,4,8,3
83979,83647,2017,1,24,4
195149,194546,2017,1,31,14
98421,98034,2017,2,10,0
79204,78851,2017,2,11,21
92018,91660,2017,2,21,11
88969,88617,2017,1,16,0
152239,151260,2017,3,10,20
116925,116197,2017,3,20,10
112244,111426,2017,3,27,10
171226,170049,2017,3,29,18
80824,80456,2017,1,2,4
133334,132840,2017,1,2,16
97325,96894,2017,1,4,2
107740,107241,2017,1,14,16
95081,94687,2017,1,16,2
214753,214158,2017,1,16,14
78317,77998,2017,2,1,4
177739,177041,2017,2,1,16
75048,74717,2017,2,4,1
66438,66157,2017,2,4,12
66062,65790,2017,2,12,4
166364,165664,2017,2,15,17
92905,92507,2017,2,16,1
187877,187262,2017,2,17,15
81868,81373,2017,2,26,23
71607,71194,2017,4,1,2
66333,65941,2017,4,2,1
72206,71838,2017,4,2,12
88533,87883,2017,4,4,6
81950,81439,2017,4,6,4
59424,59189,2017,1,8,11
94234,93792,2017,1,11,8
100304,99888,2017,1,27,0
96803,96397,2017,2,8,0
87045,86725,2017,1,6,11
88531,88126,2017,1,11,6
77293,76947,2017,1,25,7
90964,90516,2017,2,12,19
62070,61813,2017,2,19,12
165638,165216,2017,2,24,13
79710,79119,2017,3,3,8
88751,88193,2017,3,8,3
190460,189276,2017,3,9,18
68804,68385,2017,3,12,0
60523,60131,2017,3,18,9
80939,80337,2017,3,25,12
96582,95996,2017,3,30,23
70727,70394,2017,1,2,9
91780,91406,2017,1,9,2
207151,206329,2017,1,11,15
107205,106724,2017,1,14,17
63146,62881,2017,1,15,11
250821,250100,2017,1,17,14
166823,166116,2017,1,18,20
174035,173362,2017,1,20,18
244067,243326,2017,1,30,16
79723,79361,2017,2,1,9
95269,94899,2017,2,9,1
125625,125157,2017,2,16,22
112145,111726,2017,2,20,22
181795,181032,2017,2,22,16
151975,151377,2017,2,22,20
120771,120003,2017,3,8,22
89940,89326,2017,3,22,8
44411,44222,2017,1,1,9
94768,94400,2017,1,9,1
156770,156312,2017,1,9,12
96406,95954,2017,1,12,9
68030,67723,2017,2,11,23
87513,87086,2017,2,18,18
89613,89270,2017,2,23,11
183956,182778,2017,3,6,20
185066,183880,2017,3,13,19
86770,86292,2017,3,19,13
85416,84830,2017,3,20,6
179514,178283,2017,3,30,19
186244,185560,2017,2,2,19
62003,61740,2017,2,19,2
155488,154484,2017,3,7,21
86656,86038,2017,3,21,7
179536,178313,2017,4,4,18
171522,170771,2017,1,5,19
90215,89853,2017,1,7,14
55498,55233,2017,1,14,7
82948,82624,2017,1,19,5
189555,188873,2017,2,2,18
61478,61250,2017,2,4,5
83099,82745,2017,2,4,21
66762,66488,2017,2,5,4
67476,67175,2017,2,18,2
65523,65205,2017,2,18,23
78588,78252,2017,2,21,4
169606,168988,2017,2,23,18
122325,121669,2017,3,10,12
56515,56170,2017,3,12,10
61716,61333,2017,4,2,5
80945,80447,2017,4,2,21
89940,89354,2017,4,5,2
79360,78952,2017,4,8,12
59512,59161,2017,4,9,10
220734,219865,2017,1,10,15
94548,94163,2017,1,14,14
60650,60401,2017,1,15,10
100961,100538,2017,1,15,17
244472,243725,2017,1,17,15
72484,72183,2017,1,27,5
50800,50585,2017,1,28,9
179070,178361,2017,1,31,17
63646,63265,2017,2,26,5
167208,166076,2017,3,6,21
82019,81510,2017,3,18,22
83168,82602,2017,3,21,6
178673,177438,2017,3,22,18
133275,132763,2017,2,10,21
82300,81916,2017,2,19,19
81636,81278,2017,2,21,10
54491,54126,2017,2,26,10
69528,68968,2017,3,26,3
134721,133849,2017,3,30,21
181256,180118,2017,4,7,16
166651,165939,2017,1,25,19
217310,216724,2017,1,26,14
174646,174194,2017,1,27,13
75811,75503,2017,2,18,0
73792,73468,2017,2,24,10
95371,94741,2017,3,4,18
57665,57273,2017,3,5,7
79679,79197,2017,3,7,5
67931,67511,2017,3,18,4
118065,117359,2017,3,27,22
187545,186339,2017,3,28,17
196547,195231,2017,4,3,18
78739,78281,2017,4,9,13
78155,77790,2017,1,1,21
81777,81425,2017,1,21,1
79367,79003,2017,1,26,9
182782,182052,2017,2,8,15
77224,76861,2017,2,15,8
132211,131375,2017,3,16,22
186966,185690,2017,3,22,16
74640,74087,2017,3,26,12
83921,83492,2017,1,4,8
71562,71242,2017,1,8,4
184599,184037,2017,1,10,13
84812,84455,2017,1,13,10
111043,110610,2017,1,19,23
200038,199301,2017,1,23,19
102798,102412,2017,1,30,11
87881,87495,2017,2,6,10
71819,71515,2017,2,10,6
89925,89389,2017,3,10,11
55150,54817,2017,3,11,10
58033,57677,2017,4,1,8
126485,125630,2017,4,5,21
72809,72410,2017,4,8,1
106152,105726,2017,1,3,11
99961,99527,2017,1,11,3
83459,83075,2017,2,7,9
81775,81448,2017,2,9,7
117899,117531,2017,2,10,12
172002,171379,2017,2,10,17
53347,53146,2017,2,12,10
118632,118159,2017,2,15,22
74981,74620,2017,2,17,10
184689,183985,2017,2,22,15
88529,87865,2017,3,1,11
94771,94173,2017,3,5,17
87954,87391,2017,3,5,21
88093,87437,2017,3,7,8
84277,83677,2017,3,8,7
74921,74514,2017,3,11,1
76078,75608,2017,3,17,5
78469,77984,2017,3,21,5
94803,94105,2017,4,4,9
64529,64136,2017,4,9,4
202847,202176,2017,1,27,15
52699,52481,2017,1,29,10
74306,74016,2017,1,31,5
92165,91763,2017,2,21,0
167264,166123,2017,4,4,19
93404,92800,2017,4,7,9
60295,59928,2017,4,9,7
100675,100229,2017,1,28,16
173685,172518,2017,3,27,20
173821,172653,2017,3,31,16
142183,141603,2017,1,11,22
144175,143533,2017,1,16,21
102050,101640,2017,1,21,16
59359,59126,2017,1,22,11
181641,180933,2017,1,30,20
162285,161642,2017,2,3,19
63951,63686,2017,2,19,3
190715,189493,2017,3,2,19
70995,70576,2017,3,19,2
101198,100443,2017,3,26,17
71461,71036,2017,4,9,12
85128,84754,2017,1,26,3
162541,161752,2017,2,27,12
91124,90483,2017,3,6,8
80487,79965,2017,3,8,6
71154,70617,2017,3,26,1
63518,63016,2017,3,26,5
178763,178025,2017,1,18,18
83572,83188,2017,1,24,9
80282,79911,2017,2,19,20
147868,147284,2017,2,20,19
89809,89235,2017,3,29,2
203955,202661,2017,4,6,17
85197,84685,2017,3,28,3
79422,78971,2017,3,28,5
187780,186488,2017,3,28,16
98425,97952,2017,1,8,17
87306,86873,2017,1,17,8
63789,63556,2017,2,12,12
144170,143617,2017,2,21,21
151925,150989,2017,2,24,20
84368,83828,2017,2,28,4
59173,58846,2017,3,4,11
67321,66941,2017,3,11,4
167775,166905,2017,4,3,11
172421,171488,2017,4,7,12
77343,76893,2017,4,9,21
165290,164588,2017,1,24,20
159514,158922,2017,2,2,21
209589,208994,2017,2,9,14
80730,80333,2017,2,14,9
87589,87192,2017,2,21,2
73064,72609,2017,2,25,2
81227,80727,2017,3,5,23
79326,78811,2017,3,23,5
123551,123143,2017,1,6,12
90156,89768,2017,1,12,6
180528,179798,2017,2,15,16
215499,214802,2017,2,16,15
79488,78979,2017,4,4,4
100839,100397,2017,1,5,0
153715,153191,2017,1,5,13
54929,54673,2017,1,8,9
88874,88474,2017,1,9,8
209242,208458,2017,1,9,19
236983,236189,2017,1,12,15
81247,80921,2017,1,13,5
68387,68136,2017,1,15,12
87946,87526,2017,1,19,9
78268,77940,2017,1,24,6
72353,72076,2017,1,26,6
65673,65373,2017,1,29,3
232973,232208,2017,2,13,16
178972,178500,2017,2,16,13
94871,94254,2017,3,29,1
97278,96538,2017,4,5,10
93090,92546,2017,4,6,0
154343,153695,2017,1,4,21
69449,69170,2017,1,21,4
80564,80207,2017,1,24,8
197089,196435,2017,2,7,14
77411,77084,2017,2,14,7
148230,147283,2017,3,20,21
170152,169012,2017,3,21,20
82992,82373,2017,3,24,8
79009,78517,2017,4,1,21
82133,81778,2017,1,5,5
66854,66565,2017,1,29,1
120931,120448,2017,1,31,22
167433,166755,2017,2,8,17
198238,197663,2017,2,10,14
81296,80917,2017,2,14,10
73513,73182,2017,2,17,8
103142,102701,2017,2,17,22
168423,167781,2017,2,22,17
70475,69907,2017,3,25,3
135066,134562,2017,1,26,22
84410,84020,2017,2,5,21
75082,74781,2017,2,21,5
91937,91276,2017,3,6,9
168506,167717,2017,3,6,12
172492,171342,2017,3,8,17
87171,86595,2017,3,9,6
59110,58730,2017,3,12,6
85684,85066,2017,3,17,8
263088,261462,2017,3,27,14
200198,199010,2017,4,7,13
60325,60100,2017,1,7,11
89788,89378,2017,1,11,7
159099,158206,2017,3,9,21
95154,94583,2017,3,14,0
95179,94526,2017,3,21,9
77342,76828,2017,3,29,5
182858,182157,2017,1,25,15
54452,54208,2017,2,4,7
81925,81554,2017,2,7,4
68628,68223,2017,2,26,0
182744,181574,2017,2,28,17
97736,97163,2017,3,3,23
90306,89779,2017,3,23,3
79382,78899,2017,3,28,4
60010,59647,2017,4,2,7
96021,95484,2017,4,7,2
99735,99323,2017,2,4,16
84774,84379,2017,2,6,8
77862,77556,2017,2,8,6
80901,80609,2017,2,16,4
87379,86758,2017,3,24,9
72728,72259,2017,3,31,5
94090,93567,2017,4,2,16
105856,105436,2017,1,19,0
129085,128556,2017,1,24,22
164434,163855,2017,1,26,21
77785,77491,2017,2,4,13
91569,91197,2017,2,9,11
51751,51514,2017,2,11,9
82012,81673,2017,2,13,4
81512,81038,2017,4,2,13
129844,129036,2017,4,4,21
102176,101711,2017,1,15,18
136671,136186,2017,1,17,22
197990,197245,2017,1,18,15
97231,96803,2017,1,22,17
79006,78597,2017,3,4,13
97592,97001,2017,3,4,15
85003,84390,2017,3,7,7
71246,70806,2017,3,11,23
75450,74999,2017,3,13,4
160451,159303,2017,3,14,20
87589,87017,2017,3,15,4
166900,165733,2017,3,17,18
107230,106573,2017,3,18,17
276737,275000,2017,3,20,14
136149,135347,2017,3,23,11
275144,273593,2017,4,3,13
247924,246379,2017,4,3,15
183807,183112,2017,1,5,14
182956,182257,2017,1,6,18
63299,63024,2017,1,14,5
80498,80136,2017,1,18,6
68582,68197,2017,2,25,12
88298,87728,2017,2,25,20
83109,82552,2017,2,25,21
188467,187478,2017,3,9,13
91352,90723,2017,3,13,9
94245,93640,2017,3,31,22
81005,80632,2017,1,25,10
255250,253929,2017,3,6,13
78611,78053,2017,3,13,6
115049,114342,2017,3,13,22
186139,184943,2017,3,22,13
70542,70002,2017,3,25,11
191450,190086,2017,3,29,14
223467,222109,2017,3,30,14
161891,160793,2017,3,30,20
114148,113437,2017,4,7,21
54150,53937,2017,1,1,12
212534,211788,2017,1,6,16
116660,116176,2017,1,12,1
89647,89312,2017,1,16,6
91020,90472,2017,2,25,19
113909,113241,2017,2,27,23
213340,211975,2017,3,7,15
97200,96545,2017,3,9,11
54953,54630,2017,3,11,9
93885,93268,2017,3,15,7
94504,93830,2017,3,30,8
83359,83012,2017,1,8,14
53955,53697,2017,1,14,8
179543,179059,2017,1,26,13
52122,51891,2017,1,28,10
68661,68258,2017,2,26,3
69722,69184,2017,3,26,2
78008,77698,2017,2,12,23
121817,121419,2017,2,23,12
88097,87432,2017,2,27,9
251742,250357,2017,3,13,13
96474,95996,2017,1,8,20
77750,77406,2017,1,20,8
90070,89701,2017,2,7,11
175399,174703,2017,2,7,18
53695,53445,2017,2,11,7
53664,53409,2017,2,18,7
84437,83837,2017,3,31,9
87227,86684,2017,4,9,18
179332,178691,2017,1,9,21
54847,54615,2017,1,21,9
134954,134114,2017,2,24,21
207038,205716,2017,3,7,16
97346,96633,2017,3,16,7
102104,101446,2017,3,23,0
174360,173088,2017,4,5,16
58031,57744,2017,1,1,1
192028,191281,2017,1,17,19
192418,191718,2017,1,19,17
94873,94509,2017,1,20,23
187636,186942,2017,1,23,20
93272,92730,2017,3,12,19
76633,76152,2017,3,18,23
77204,76747,2017,3,19,12
199224,197935,2017,3,23,18
210855,209568,2017,3,27,17
154217,153147,2017,3,31,19
55849,55591,2017,1,7,10
85928,85536,2017,1,10,7
200300,199610,2017,1,24,14
195691,195005,2017,1,31,16
86552,85926,2017,2,28,10
151915,150896,2017,2,28,21
82030,81482,2017,3,3,4
71018,70617,2017,3,4,3
173773,172575,2017,3,29,16
84775,84230,2017,4,3,3
174803,174086,2017,1,13,19
179386,178848,2017,1,19,13
106629,106248,2017,1,25,12
274680,274008,2017,2,6,14
82550,82172,2017,2,7,8
79470,79144,2017,2,8,7
77007,76651,2017,2,14,6
60874,60489,2017,3,5,6
83849,83298,2017,3,6,5
68072,67558,2017,3,26,11
78465,78158,2017,2,5,22
75688,75373,2017,2,22,5
72132,71555,2017,3,26,0
86058,85415,2017,3,27,5
177751,177027,2017,1,18,19
188268,187545,2017,1,19,18
83209,82861,2017,1,31,3
91624,91044,2017,3,31,1
88691,88283,2017,2,5,20
89228,88810,2017,2,12,20
79268,78976,2017,2,20,5
142361,141968,2017,2,20,12
84464,83896,2017,3,26,13
155174,154052,2017,4,5,20
79254,78944,2017,1,29,14
58104,57866,2017,2,4,11
78050,77678,2017,2,4,22
68595,68291,2017,2,5,0
64742,64458,2017,2,11,4
80887,80555,2017,2,22,4
127918,127112,2017,2,28,22
175008,173717,2017,3,15,19
101764,101190,2017,3,19,15
65651,65296,2017,4,2,11
77996,77541,2017,4,2,22
63657,63148,2017,3,25,5
81078,80525,2017,3,30,5
231611,230819,2017,1,12,16
148790,148364,2017,1,16,12
92543,92171,2017,1,27,23
81784,81209,2017,3,10,10
90778,90053,2017,3,25,20
188015,186708,2017,3,29,15
95697,94959,2017,4,5,8
62509,62139,2017,4,8,5
84983,84647,2017,1,21,0
51178,50976,2017,1,28,7
154731,154112,2017,2,8,20
129252,128774,2017,2,9,22
139480,138867,2017,2,14,21
84051,83705,2017,2,20,8
224417,223784,2017,2,21,14
83843,83481,2017,2,22,9
107092,106465,2017,3,9,23
98988,98289,2017,3,23,9
54828,54583,2017,1,1,2
73660,73300,2017,1,2,1
139856,139275,2017,1,20,21
90791,90366,2017,1,21,20
89843,89476,2017,2,1,1
155003,154439,2017,2,9,21
82006,81620,2017,2,21,9
82586,82282,2017,2,24,11
78755,78107,2017,3,25,22
83316,82920,2017,1,3,8
71199,70864,2017,1,8,3
101685,101280,2017,2,23,23
94455,93813,2017,2,25,18
72261,71845,2017,2,25,23
84110,83480,2017,3,1,8
199753,198545,2017,3,3,14
183635,182352,2017,3,7,19
97446,96878,2017,3,8,1
84865,84340,2017,3,14,3
58594,58271,2017,3,19,7
71587,71227,2017,1,22,0
78609,78251,2017,1,25,8
90919,90527,2017,1,26,2
55021,54666,2017,2,25,9
67867,67437,2017,2,26,1
162847,161690,2017,3,15,20
258847,257157,2017,3,20,15
99735,99009,2017,3,25,14
64924,64527,2017,4,9,0
81022,80626,2017,1,25,9
114041,113592,2017,1,27,22
67788,67400,2017,2,26,2
102702,101995,2017,3,24,22
117364,116551,2017,4,5,11
208092,206792,2017,4,6,16
90406,90018,2017,1,14,0
84851,84475,2017,1,22,23
141128,140610,2017,1,23,22
65663,65378,2017,2,12,0
198719,197499,2017,2,28,14
82196,81677,2017,3,4,0
166774,165983,2017,3,27,11
85221,84714,2017,4,3,0
199125,197856,2017,4,7,15
130083,129611,2017,1,2,14
177340,176600,2017,1,6,19
100973,100468,2017,1,7,19
78347,77967,2017,1,14,2
82944,82589,2017,1,19,6
84208,83867,2017,1,19,7
169669,169071,2017,2,1,14
55384,55142,2017,2,5,7
77270,76965,2017,2,7,5
101803,101373,2017,2,8,23
88951,88604,2017,2,10,23
95831,95438,2017,2,14,1
83854,83484,2017,2,23,8
82868,82510,2017,2,23,10
57086,56748,2017,3,4,7
64526,64192,2017,3,5,12
84726,84226,2017,3,7,4
62384,62043,2017,3,12,5
99482,98813,2017,4,3,7
89429,88890,2017,4,7,3
107855,107385,2017,1,16,23
246913,246154,2017,1,23,16
103649,103038,2017,3,3,0
111721,111076,2017,3,20,23
171071,169999,2017,3,23,20
112677,111948,2017,3,29,11
193466,192719,2017,1,5,15
55399,55129,2017,1,7,8
57067,56797,2017,1,8,7
68662,68378,2017,1,15,5
67924,67545,2017,3,12,12
87582,87076,2017,3,18,21
259675,258055,2017,3,21,18
253104,252312,2017,1,9,16
91275,90873,2017,1,16,9
77085,76768,2017,1,30,7
53936,53709,2017,2,4,10
251373,250637,2017,2,6,15
76528,76229,2017,2,10,4
85252,84847,2017,2,12,21
73583,73230,2017,2,15,6
140014,139439,2017,2,15,21
131917,131546,2017,2,21,12
219214,218482,2017,2,21,15
74125,73771,2017,2,24,8
91729,91204,2017,2,24,23
100455,99742,2017,3,26,16
59373,59007,2017,4,2,10
173206,171929,2017,4,5,17
286339,285610,2017,1,3,14
215867,215061,2017,1,12,17
75165,74849,2017,1,14,3
146618,146169,2017,1,17,12
152730,152079,2017,2,15,20
190780,190175,2017,2,20,15
177651,176496,2017,3,1,14
94217,93634,2017,3,14,1
87629,87037,2017,3,28,6
95490,94953,2017,3,29,0
79127,78791,2017,1,26,10
121069,120697,2017,1,26,12
53575,53373,2017,2,5,10
70849,70563,2017,2,10,5
91788,91300,2017,3,20,0
71703,71398,2017,1,27,7
81982,81656,2017,2,6,6
95944,95503,2017,1,2,23
145833,145259,2017,1,9,22
54784,54556,2017,1,22,9
91891,91505,2017,1,23,2
98863,98440,2017,2,1,23
96474,96122,2017,2,23,1
62687,62135,2017,3,25,10
180669,179490,2017,3,29,13
90069,89496,2017,3,31,10
89504,88933,2017,4,9,17
68775,68447,2017,1,1,14
114408,113922,2017,1,3,23
91550,91121,2017,1,9,10
215843,215018,2017,1,9,18
90020,89608,2017,1,10,9
83168,82800,2017,1,14,1
87050,86617,2017,1,18,9
88860,88479,2017,1,23,3
79917,79628,2017,2,5,14
74616,74310,2017,2,14,5
105254,104584,2017,3,1,23
165790,164743,2017,3,3,19
217130,215741,2017,3,6,17
79788,79264,2017,3,17,6
69836,69405,2017,3,19,3
103518,102946,2017,3,23,1
69418,69050,2017,4,8,11
77114,76757,2017,1,6,9
85094,84771,2017,1,9,6
278726,278073,2017,1,30,14
90112,89543,2017,2,27,2
168956,167827,2017,2,28,20
114811,114353,2017,1,5,12
89719,89335,2017,1,12,5
72272,71948,2017,2,3,7
87218,86856,2017,2,7,3
95263,94852,2017,2,16,0
83933,83621,2017,2,17,23
175612,174937,2017,2,23,17
85525,84938,2017,3,2,7
95522,94914,2017,3,7,2
113222,112719,2017,1,11,0
91394,90994,2017,1,14,21
159499,158868,2017,1,19,21
90208,89847,2017,1,21,14
94046,93624,2017,1,21,19
102168,101724,2017,1,24,1
172080,171413,2017,2,3,17
81066,80739,2017,2,17,3
196838,195662,2017,3,2,17
88574,87995,2017,3,11,20
101190,100556,2017,3,17,2
173656,172761,2017,3,20,11
94132,93405,2017,3,26,20
78788,78321,2017,3,29,4
175681,174957,2017,1,5,18
80118,79792,2017,1,18,5
87517,87179,2017,2,6,9
80646,80325,2017,2,9,6
88836,88178,2017,2,27,10
91376,90770,2017,4,8,18
53109,52878,2017,2,5,8
91598,91190,2017,2,5,18
76773,76437,2017,2,8,5
60269,60017,2017,2,18,5
71413,71115,2017,1,27,6
72767,72469,2017,2,24,7
82888,82393,2017,2,26,14
142413,141417,2017,3,8,21
91909,91273,2017,3,9,9
90278,89612,2017,3,21,8
185615,184755,2017,1,11,18
90848,90435,2017,1,18,11
123611,123121,2017,1,25,22
195451,194823,2017,2,6,18
56084,55858,2017,2,18,6
140785,140236,2017,2,20,20
81814,81232,2017,2,28,6
86219,85617,2017,3,8,10
167233,166087,2017,3,8,19
81516,80934,2017,3,10,8
58084,57714,2017,3,19,8
175050,174324,2017,1,11,20
88290,87931,2017,1,20,11
87326,86944,2017,1,22,22
85575,85089,2017,3,13,0
137949,137092,2017,4,7,20
127926,127361,2017,1,5,22
65164,64884,2017,1,22,5
201181,200427,2017,1,26,17
187986,187332,2017,2,24,16
91109,90565,2017,3,11,19
68926,68552,2017,3,19,11
122772,121916,2017,3,24,21
165541,164649,2017,3,31,12
150417,149786,2017,1,5,21
87992,87637,2017,1,9,0
225668,224837,2017,1,9,17
88881,88414,2017,1,17,9
64317,64035,2017,1,21,5
64908,64650,2017,2,11,12
56259,56020,2017,2,12,11
56629,56330,2017,2,26,8
65692,65312,2017,2,26,12
84653,84129,2017,2,26,22
131322,130607,2017,3,3,22
130756,130029,2017,3,9,12
53881,53550,2017,3,12,9
176611,175425,2017,3,20,20
88709,88158,2017,3,22,3
129242,128496,2017,3,30,11
75905,75559,2017,2,3,10
190616,189894,2017,2,9,17
82237,81909,2017,2,10,3
75191,74847,2017,2,17,9
87493,86844,2017,3,2,10
88809,88279,2017,3,6,0
92342,91753,2017,3,10,2
99666,99065,2017,3,18,19
102217,101573,2017,3,19,18
233571,232148,2017,4,6,14
73670,73344,2017,1,2,6
181059,180294,2017,1,5,17
95483,95035,2017,1,6,2
80437,80105,2017,1,17,5
59088,58831,2017,1,29,5
71672,71388,2017,2,1,6
71402,71080,2017,2,3,6
79629,79309,2017,2,6,1
75858,75561,2017,2,6,3
84079,83524,2017,3,2,6
58963,58575,2017,3,5,11
91244,90655,2017,3,6,2
62423,62066,2017,3,11,5
105689,105043,2017,3,15,0
75115,74672,2017,3,19,0
85193,84580,2017,3,31,7
95132,94375,2017,4,5,7
81771,81303,2017,4,7,5
81176,80775,2017,1,1,20
133511,133020,2017,1,19,22
101748,101351,2017,1,20,1
97235,96800,2017,1,22,19
95789,95394,2017,1,28,15
70797,70509,2017,1,29,13
170841,170371,2017,2,3,13
83781,83447,2017,2,13,3
88120,87510,2017,2,27,7
185449,184243,2017,2,27,20
184452,183467,2017,3,2,13
85981,85407,2017,3,13,2
164626,163936,2017,1,6,20
97276,96812,2017,1,7,20
214889,214048,2017,1,10,16
122631,122143,2017,1,12,23
91124,90714,2017,1,16,10
75842,75536,2017,1,20,6
76324,76015,2017,1,20,7
165522,165127,2017,1,23,12
88450,88070,2017,2,11,19
55210,54994,2017,2,19,11
86876,86370,2017,4,8,19
66684,66383,2017,1,8,12
190251,189430,2017,1,10,18
180401,179603,2017,1,10,20
94364,93975,2017,1,12,8
86142,85776,2017,1,18,10
80184,79805,2017,1,20,10
64873,64625,2017,1,29,2
61843,61585,2017,1,29,12
59460,59113,2017,2,25,6
78757,78273,2017,3,3,6
90085,89508,2017,3,6,3
105975,105328,2017,3,7,0
45544,45382,2017,1,1,8
100151,99695,2017,1,6,23
71897,71551,2017,1,8,1
82945,82591,2017,1,23,6
75737,75402,2017,2,2,5
66095,65780,2017,2,5,2
86992,86672,2017,2,11,14
91547,91127,2017,2,12,18
86993,86615,2017,2,14,11
63872,63643,2017,2,18,12
89090,88687,2017,1,7,0
95348,94731,2017,2,28,2
79927,79420,2017,3,3,7
89945,89381,2017,3,7,3
92153,91606,2017,3,10,23
59572,59226,2017,3,11,11
89254,88686,2017,3,12,20
261626,260306,2017,3,20,12
106624,105933,2017,3,23,10
109425,108739,2017,3,30,22
83628,83299,2017,2,6,7
236083,235318,2017,2,6,16
77911,77600,2017,2,7,6
185525,184817,2017,2,13,19
97248,96867,2017,2,14,0
79709,79388,2017,2,16,6
70273,70000,2017,2,19,13
185241,184004,2017,3,7,18
87945,87259,2017,3,8,9
90526,89867,2017,3,9,8
111221,110563,2017,3,17,0
60500,60119,2017,3,18,7
90171,89764,2017,1,3,3
103085,102640,2017,1,31,0
53013,52775,2017,2,4,8
80535,80192,2017,2,8,4
84720,84318,2017,2,9,9
86617,86071,2017,3,1,3
99002,98385,2017,3,3,1
127284,126589,2017,3,7,12
57294,56962,2017,3,12,7
139728,138854,2017,3,14,21
91673,91101,2017,3,17,23
216564,215124,2017,3,21,14
204817,203538,2017,3,23,17
104413,103706,2017,3,25,15
81553,81019,2017,3,30,4
59068,58734,2017,4,2,8
71025,70616,2017,4,8,2
100497,100063,2017,1,25,0
65234,64965,2017,1,28,3
106642,106237,2017,2,8,12
163083,162445,2017,2,8,19
52975,52750,2017,2,12,8
52411,52202,2017,2,19,8
129572,129039,2017,2,20,21
159210,158621,2017,2,21,20
92240,91558,2017,2,28,11
136208,135312,2017,3,10,21
102004,101295,2017,3,21,10
99418,98794,2017,3,28,1
106877,106428,2017,1,4,0
80202,79832,2017,1,14,23
277923,277226,2017,1,23,14
168180,167743,2017,2,7,13
214301,213596,2017,2,9,15
82973,82599,2017,2,13,7
79188,78846,2017,2,15,9
90019,89493,2017,3,11,14
115800,115069,2017,3,14,11
85279,84734,2017,3,19,23
186794,185573,2017,3,23,19
95929,95340,2017,3,29,23
76670,76201,2017,4,1,0
93369,92810,2017,2,26,18
95719,94944,2017,3,27,6
159487,158397,2017,3,28,20
85665,85140,2017,4,9,19
174487,173829,2017,1,3,20
86725,86270,2017,1,8,22
88246,87871,2017,1,20,3
55338,55090,2017,1,22,8
272556,271035,2017,2,27,14
160751,159663,2017,3,1,20
175371,174215,2017,3,17,17
98443,97862,2017,3,20,1
97755,97364,2017,2,4,17
197006,196287,2017,2,7,16
84213,83800,2017,2,16,7
74695,74372,2017,2,17,4
70263,69959,2017,2,18,22
161950,161343,2017,2,22,18
104942,104308,2017,3,23,23
60744,60231,2017,3,25,6
94477,93924,2017,4,2,17
199961,199156,2017,1,11,14
60386,60157,2017,1,14,11
174324,173663,2017,1,19,20
172574,171916,2017,1,20,19
58039,57776,2017,2,4,6
62431,62197,2017,2,5,5
82853,82554,2017,2,6,4
84678,84287,2017,2,9,10
75906,75576,2017,2,10,9
250719,249957,2017,2,13,15
142283,141728,2017,2,15,13
192001,191376,2017,2,24,15
95310,94620,2017,3,25,19
60545,60203,2017,4,2,6
89639,89036,2017,4,6,2
255404,253849,2017,2,27,15
214431,213121,2017,2,27,17
84205,83856,2017,1,3,4
91244,90860,2017,1,4,3
180213,179514,2017,1,17,20
173282,172612,2017,1,20,17
131678,131168,2017,2,6,22
77702,77374,2017,2,22,6
69058,68651,2017,2,25,4
83399,82893,2017,3,1,4
75982,75543,2017,3,4,1
68514,68111,2017,4,1,3
90827,90241,2017,4,3,1
109507,109034,2017,1,5,23
121333,120861,2017,1,6,22
61589,61314,2017,1,22,6
82256,81939,2017,1,23,5
120175,119693,2017,2,21,22
138443,137862,2017,2,22,21
82280,81962,2017,2,24,3
176235,175064,2017,3,3,17
92364,91808,2017,3,17,3
93464,92910,2017,3,24,2
82191,81680,2017,4,9,20
98723,98296,2017,1,15,16
204609,203840,2017,1,16,15
106460,106021,2017,1,24,0
203286,202554,2017,2,7,15
190581,189870,2017,2,14,16
75277,74934,2017,2,15,7
214185,213561,2017,2,16,14
84700,84133,2017,2,28,7
91600,90932,2017,3,27,0
119298,118755,2017,1,2,20
169722,168961,2017,1,4,20
92241,91787,2017,1,8,21
147262,146702,2017,1,13,21
94270,93854,2017,1,20,2
81684,81376,2017,1,20,4
54761,54512,2017,1,21,8
79111,78794,2017,1,21,13
150932,150316,2017,2,1,20
92627,92194,2017,2,12,17
114538,114172,2017,2,17,12
87509,87153,2017,2,20,1
87706,87094,2017,2,27,8
80469,79985,2017,3,12,23
121489,120687,2017,3,17,21
209771,208498,2017,3,21,17
191631,190632,2017,3,23,12
84691,84183,2017,4,1,20
90781,90136,2017,4,5,6
83970,83456,2017,4,6,5
106272,105800,2017,1,7,16
140800,140220,2017,1,10,22
88804,88405,2017,1,16,7
55606,55349,2017,1,22,10
73415,73105,2017,1,27,8
77376,77025,2017,1,31,8
71827,71550,2017,2,5,13
83439,83045,2017,2,7,10
73377,73041,2017,2,10,7
79573,79278,2017,2,13,5
130452,129880,2017,1,4,22
70520,70217,2017,1,22,4
89913,89529,2017,1,23,0
96972,96566,2017,1,26,1
58601,58377,2017,2,5,6
81350,81018,2017,2,6,5
90362,89724,2017,3,9,10
221456,220195,2017,3,9,14
83442,82817,2017,3,10,9
91345,90701,2017,3,14,9
59789,59315,2017,3,25,9
71454,70997,2017,4,1,22
178854,178099,2017,1,4,18
124670,124196,2017,1,11,12
102184,101759,2017,1,12,11
204941,204186,2017,1,12,19
86748,86394,2017,1,18,4
126205,125792,2017,1,19,12
120785,120410,2017,1,24,12
90268,89856,2017,1,25,2
170289,169569,2017,1,25,17
100811,100431,2017,1,31,23
80257,79914,2017,2,2,4
71629,71297,2017,2,4,2
115026,114567,2017,2,14,22
175064,174398,2017,2,22,14
76317,75857,2017,2,25,1
68665,68307,2017,2,26,4
94282,93690,2017,4,1,18
65996,65597,2017,4,2,2
95860,95074,2017,4,5,9
62602,62219,2017,4,9,5
79349,79041,2017,1,7,13
80428,80105,2017,1,13,7
95422,94856,2017,2,26,17
59266,58738,2017,3,25,7
185775,185277,2017,1,6,13
274467,273762,2017,1,9,14
80546,80182,2017,1,13,6
54177,53950,2017,1,14,9
87574,87244,2017,1,31,11
135815,135230,2017,2,3,21
106172,105762,2017,2,9,23
83169,82836,2017,2,21,3
84055,83667,2017,2,23,9
162234,161215,2017,3,2,21
99334,98671,2017,3,21,2
81389,80872,2017,4,8,20
58421,58071,2017,4,9,9
77328,76983,2017,1,15,0
84504,84006,2017,3,29,3
93992,93409,2017,3,30,0
181319,180550,2017,1,4,17
54755,54508,2017,1,7,9
86337,85969,2017,1,9,7
85418,85035,2017,1,14,22
85314,85002,2017,1,17,4
197048,196318,2017,1,17,18
182129,181422,2017,1,18,17
82416,82094,2017,1,22,14
115341,114908,2017,1,23,23
97678,97299,2017,2,23,0
107517,106850,2017,3,29,22
97416,96816,2017,4,1,17
97974,97400,2017,4,7,10
53731,53478,2017,1,28,6
75329,75026,2017,1,30,5
89843,89317,2017,4,9,16
80814,80470,2017,1,4,5
177948,177140,2017,1,4,19
87418,87051,2017,1,5,4
58223,57939,2017,1,7,7
130780,130315,2017,1,10,12
188952,188111,2017,1,10,19
94615,94210,2017,1,12,10
192700,191954,2017,1,12,20
87363,87025,2017,1,19,4
86951,86565,2017,1,19,10
123561,123187,2017,1,20,12
78408,78065,2017,1,26,8
66334,66045,2017,2,4,4
61013,60633,2017,2,26,6
261697,260112,2017,3,6,15
87161,86556,2017,3,15,6
99282,98704,2017,3,28,23
114998,114272,2017,3,31,21
61454,61078,2017,4,1,5
90700,90135,2017,4,1,19
64806,64434,2017,4,2,4
88685,88107,2017,4,4,2
95081,94545,2017,4,5,1
193859,193154,2017,1,16,16
75327,74992,2017,1,31,7
111469,111043,2017,2,3,22
84849,84535,2017,2,22,3
69899,69593,2017,2,24,5
136094,135243,2017,3,2,22
107710,107095,2017,3,6,11
59957,59574,2017,3,11,6
95523,94975,2017,3,12,18
238594,237115,2017,3,13,15
192863,191668,2017,3,15,13
84348,83910,2017,3,18,12
94199,93579,2017,3,22,2
54421,54179,2017,1,1,4
103143,102694,2017,1,4,1
75726,75392,2017,1,6,6
78229,77919,2017,1,27,10
87032,86712,2017,1,27,11
74498,74051,2017,4,1,1
188601,187905,2017,1,4,14
69998,69695,2017,1,14,4
143718,143225,2017,2,8,13
83065,82718,2017,2,13,8
94540,93934,2017,3,7,11
56667,56312,2017,3,11,7
97738,97199,2017,4,1,14
92256,91590,2017,4,6,6
69043,68755,2017,1,2,8
123025,122464,2017,1,2,19
108443,107943,2017,1,4,23
70734,70419,2017,1,8,2
98141,97728,2017,1,19,2
86865,86518,2017,1,23,4
76011,75667,2017,2,1,8
159689,159059,2017,2,1,19
99427,99033,2017,2,3,0
88444,88018,2017,2,4,20
94122,93731,2017,2,8,1
62140,61847,2017,2,19,1
82374,82057,2017,2,20,4
98782,98199,2017,3,2,0
55709,55387,2017,3,4,10
80843,80354,2017,3,10,4
119736,119034,2017,3,21,22
137563,136719,2017,3,22,21
123707,122981,2017,3,28,11
67780,67358,2017,4,1,23
86642,86130,2017,4,2,20
115070,114304,2017,4,3,10
144473,143637,2017,4,6,21
118955,118282,2017,4,6,22
94191,93847,2017,2,22,0
246084,244562,2017,3,6,16
108801,108129,2017,3,7,23
121757,120888,2017,3,15,23
90763,90132,2017,3,16,6
91412,90791,2017,3,23,7
231426,229962,2017,3,23,15
215932,215163,2017,1,10,14
166153,165569,2017,1,11,13
94195,93850,2017,1,13,11
55841,55601,2017,1,14,10
193529,192836,2017,1,26,19
98772,97846,2017,3,27,8
96842,96231,2017,4,8,16
83938,83503,2017,1,7,22
56865,56627,2017,1,22,7
83828,83488,2017,2,10,11
52446,52213,2017,2,11,10
202866,201647,2017,2,27,18
173395,172422,2017,3,3,13
101149,100573,2017,3,4,16
80177,79688,2017,3,13,3
92781,92156,2017,3,16,4
215831,214389,2017,4,3,16
75635,75295,2017,1,2,5
95829,95372,2017,1,5,2
79368,79001,2017,1,28,22
73179,72887,2017,2,1,5
66011,65713,2017,2,5,1
190948,190264,2017,2,6,19
57534,57302,2017,2,19,6
178881,177749,2017,3,8,14
157915,156834,2017,3,8,20
87719,87036,2017,3,14,8
94117,93429,2017,3,20,8
84861,84354,2017,3,24,3
211792,211041,2017,1,3,17
91936,91500,2017,1,17,3
80581,80226,2017,2,2,8
88677,88300,2017,2,8,2
86374,85731,2017,2,28,8
170907,169813,2017,3,1,17
108547,107858,2017,3,17,1
86494,85953,2017,3,31,2
50331,50115,2017,1,28,8
68391,68090,2017,1,29,0
171185,170540,2017,1,31,19
181687,181003,2017,2,8,16
82792,82415,2017,2,16,8
75765,75307,2017,3,3,5
68073,67697,2017,3,5,3
120399,119607,2017,3,22,22
187724,186529,2017,4,6,19
174571,173513,2017,4,6,20
86876,86501,2017,1,3,10
95333,94912,2017,1,10,3
83412,83056,2017,2,2,9
91024,90647,2017,2,9,2
77073,76553,2017,2,25,22
107482,106834,2017,2,28,0
86271,85620,2017,3,1,10
76982,76537,2017,3,4,22
98401,97810,2017,3,10,1
81857,81364,2017,3,22,4
114720,114004,2017,4,3,22
85020,84613,2017,1,3,9
89904,89551,2017,1,9,3
195097,194553,2017,2,3,14
91692,91271,2017,2,4,19
84762,84398,2017,2,14,3
64346,64107,2017,2,19,4
54327,54035,2017,2,26,9
87566,86870,2017,3,1,9
219761,218439,2017,3,2,14
98710,98088,2017,3,9,1
89893,89319,2017,3,14,2
99324,98742,2017,3,24,0
93647,93033,2017,3,29,10
90527,89967,2017,4,2,19
126835,126182,2017,4,7,11
145868,145373,2017,1,3,21
72337,72026,2017,1,21,3
87117,86759,2017,1,27,2
95518,94871,2017,2,27,1
170141,169174,2017,2,28,13
146770,145808,2017,3,1,21
113147,112466,2017,3,21,1
81729,81360,2017,1,3,7
73536,73195,2017,1,7,3
82453,81854,2017,3,1,7
102252,101615,2017,3,7,1
92290,91749,2017,3,31,0
75945,75623,2017,2,10,10
127990,127523,2017,2,13,22
165631,164983,2017,2,14,18
83782,83441,2017,2,18,14
145705,145202,2017,2,22,13
72245,71877,2017,1,2,10
78963,78593,2017,1,2,11
111951,111445,2017,1,2,21
101432,101003,2017,1,10,2
102667,102162,2017,1,11,2
77703,77354,2017,1,21,2
55997,55774,2017,1,28,11
50695,50499,2017,1,29,8
95629,95216,2017,1,29,18
84900,84518,2017,1,29,22
80711,80332,2017,1,31,9
80445,80080,2017,2,1,10
84812,84439,2017,2,1,11
138775,138212,2017,2,1,21
120417,120024,2017,2,7,12
94365,93972,2017,2,10,1
73165,72883,2017,2,11,1
54581,54360,2017,2,12,7
92284,91892,2017,2,21,1
90575,89956,2017,3,30,6
186698,185439,2017,4,4,16
155167,154095,2017,4,7,19
61018,60676,2017,3,4,6
87537,87035,2017,3,6,4
94936,94292,2017,4,3,6
80054,79483,2017,4,4,5
81217,80695,2017,4,5,4
85091,84605,2017,4,6,3
94132,93769,2017,1,27,1
91364,90981,2017,2,2,11
69408,69135,2017,2,11,2
167144,166516,2017,2,24,17
90249,89633,2017,3,8,11
55922,55590,2017,3,11,8
72210,71788,2017,3,24,5
109820,109137,2017,4,6,10
188446,187693,2017,1,3,19
93273,92882,2017,1,19,3
154818,154209,2017,1,27,20
160993,160335,2017,1,31,20
167152,165988,2017,3,1,19
92556,91981,2017,3,5,19
71782,71350,2017,3,19,1
62321,61959,2017,3,19,5
80094,79634,2017,3,11,13
149023,148303,2017,3,13,11
203233,202329,2017,1,11,16
102664,102257,2017,1,16,11
172161,171469,2017,2,13,20
198250,197756,2017,2,20,13
197692,196371,2017,2,27,19
98793,98031,2017,4,6,9
59694,59325,2017,4,9,6
103671,103227,2017,1,6,0
101550,101098,2017,1,14,19
210310,209644,2017,1,19,14
93203,92794,2017,1,29,20
87690,87322,2017,2,2,2
96071,95670,2017,2,9,0
148475,147931,2017,2,10,20
73704,73413,2017,2,11,22
84706,84340,2017,2,20,10
86333,85972,2017,2,22,11
68948,68581,2017,3,4,12
92154,91554,2017,3,4,19
176729,175621,2017,3,10,17
67102,66698,2017,3,12,4
96458,95835,2017,3,17,10
66916,66509,2017,3,19,4
205099,203664,2017,3,28,15
247349,246115,2017,4,3,12
185406,184207,2017,4,3,19
79289,78977,2017,1,31,4
84668,84148,2017,3,5,22
78162,77627,2017,3,22,5
96743,96293,2017,1,8,18
125399,124840,2017,1,11,23
93931,93569,2017,1,15,15
84471,84080,2017,1,18,8
106606,106198,2017,1,23,11
97695,97143,2017,3,11,15
79997,79507,2017,3,12,22
122188,121399,2017,3,15,11
213465,212060,2017,3,16,17
182178,180925,2017,3,17,16
152763,151808,2017,3,22,12
217221,216483,2017,1,6,15
64182,63896,2017,1,15,6
106218,105791,2017,1,18,0
181750,180552,2017,2,28,18
191462,190203,2017,3,30,18
98346,97776,2017,4,8,15
205149,203880,2017,3,16,18
108812,108186,2017,3,18,16
202715,201348,2017,3,24,13
96999,96300,2017,3,28,10
93697,93094,2017,4,7,22
75595,75260,2017,2,18,21
175689,175028,2017,2,21,18
93639,93037,2017,3,5,18
63455,63080,2017,3,18,5
80640,80138,2017,3,31,3
83476,83125,2017,2,2,10
88451,88126,2017,2,4,14
87840,87509,2017,2,10,2
78622,78304,2017,2,14,4
89697,89071,2017,3,6,7
82538,82026,2017,3,7,6
216869,215545,2017,3,9,16
102365,101612,2017,3,16,9
89118,88638,2017,4,2,14
56807,56557,2017,2,11,11
95259,94829,2017,2,11,17
82576,82235,2017,2,17,11
101405,100810,2017,3,11,16
141961,141231,2017,3,16,11
108223,107578,2017,3,21,23
143621,142747,2017,3,23,21
231718,230938,2017,1,12,14
69288,69010,2017,1,14,12
91280,90882,2017,2,3,23
104267,103888,2017,2,6,11
191546,190868,2017,2,10,16
56016,55775,2017,2,11,6
84215,83819,2017,2,16,10
89053,88732,2017,2,23,3
110729,110075,2017,3,2,23
97821,97220,2017,3,23,2
97539,96816,2017,4,6,8
60808,60406,2017,4,8,6
81014,80685,2017,2,4,0
162749,162074,2017,2,7,20
83538,83203,2017,2,20,7
141336,140361,2017,3,21,21
207268,205820,2017,3,24,14
84644,83967,2017,3,27,4
66573,66181,2017,4,2,0
206667,205927,2017,1,17,17
94367,93940,2017,1,28,19
132601,132143,2017,2,2,22
167299,166680,2017,2,16,20
177648,177051,2017,2,20,16
87798,87396,2017,2,22,2
119836,119397,2017,2,22,22
167561,166485,2017,3,13,20
92908,92341,2017,3,18,20
290107,288390,2017,3,20,13
205454,204074,2017,3,20,18
87973,87515,2017,4,9,15
76185,75863,2017,1,1,15
75036,74689,2017,1,15,1
96054,95702,2017,2,24,0
87638,87092,2017,2,27,3
154822,153828,2017,3,3,20
86521,85978,2017,3,20,3
92088,91367,2017,3,27,2
83742,83421,2017,1,1,16
76816,76463,2017,1,2,3
95014,94577,2017,1,3,2
116190,115741,2017,1,4,12
97202,96832,2017,1,12,4
98249,97899,2017,1,16,1
82130,81816,2017,2,1,3
94696,94276,2017,2,3,1
93613,93178,2017,2,5,17
69357,69092,2017,2,17,5
88653,88114,2017,3,1,2
97570,96974,2017,3,2,1
82996,82488,2017,3,4,21
198833,197568,2017,3,10,15
69636,69275,2017,3,11,12
60365,60004,2017,3,12,11
105025,104300,2017,3,15,10
102812,102185,2017,3,18,18
83423,82925,2017,3,21,4
79782,79395,2017,4,1,12
137102,136308,2017,4,3,21
107440,106951,2017,1,7,17
83826,83461,2017,1,17,7
74231,73894,2017,1,21,23
170513,169840,2017,1,23,21
171968,171277,2017,2,14,17
187752,187176,2017,2,17,14
179052,177877,2017,2,28,19
131073,130228,2017,3,7,22
189658,188347,2017,3,15,17
200662,199319,2017,3,17,15
87362,86760,2017,3,22,7
192056,190676,2017,4,5,14
174039,173384,2017,1,31,18
198794,197516,2017,2,28,16
99800,99243,2017,3,11,17
116630,115935,2017,3,16,23
123179,122422,2017,3,17,11
210429,209044,2017,3,23,16
153037,152396,2017,1,18,21
97761,97332,2017,1,21,18
90342,89909,2017,1,28,20
82538,82189,2017,2,8,10
73084,72773,2017,2,10,8
162667,162092,2017,2,10,18
52401,52203,2017,2,18,10
84140,83655,2017,3,5,14
139616,138753,2017,3,13,21
77257,76761,2017,3,14,5
208285,206989,2017,3,21,13
76975,76465,2017,3,24,4
108424,108006,2017,1,24,23
222883,222152,2017,1,26,15
194442,193748,2017,1,26,18
65258,64961,2017,1,28,12
178904,178222,2017,2,16,19
86310,85920,2017,2,19,16
91488,90746,2017,3,29,8
210428,209049,2017,4,4,14
198225,197488,2017,1,27,16
201254,200507,2017,1,30,18
185136,184682,2017,2,2,13
84103,83739,2017,2,13,2
91685,91008,2017,3,29,7
90412,89750,2017,3,29,9
218365,216957,2017,3,30,15
181341,180680,2017,1,26,20
97782,97206,2017,4,4,23
91580,91160,2017,1,9,9
76159,75878,2017,2,3,4
69083,68773,2017,2,4,3
208422,207699,2017,2,9,16
84554,84195,2017,2,16,9
114686,114345,2017,2,24,12
85982,85442,2017,3,2,4
73350,72934,2017,3,4,2
65864,65504,2017,4,2,3
86359,85811,2017,4,3,2
84719,84287,2017,1,4,10
88247,87877,2017,1,10,4
87254,86858,2017,1,15,22
88499,88104,2017,1,22,15
87013,86693,2017,1,28,14
91265,90827,2017,2,5,19
60961,60716,2017,2,19,5
199354,198115,2017,3,10,14
96437,95756,2017,3,14,10
153918,152973,2017,3,16,21
196360,195067,2017,3,21,16
59425,58968,2017,3,26,8
132821,131935,2017,3,28,21
64092,63722,2017,4,1,10
205892,204518,2017,4,4,15
227974,226548,2017,4,6,15
117708,117264,2017,1,12,0
99095,98493,2017,2,25,17
123314,122546,2017,3,24,11
97227,96541,2017,4,6,7
89410,88875,2017,4,7,6
62084,61715,2017,4,8,10
164192,163495,2017,1,5,20
74705,74402,2017,1,20,5
85173,84773,2017,1,28,21
95486,95075,2017,1,29,19
76326,76032,2017,1,30,6
63536,63303,2017,2,5,12
62020,61780,2017,2,12,5
71128,70697,2017,2,25,3
156624,155470,2017,3,24,19
75348,74762,2017,3,25,2
82827,82215,2017,3,31,8
194276,193077,2017,3,31,13
171280,169922,2017,4,5,18
265928,265114,2017,1,9,15
174657,173976,2017,1,12,21
57112,56881,2017,1,15,9
155527,154874,2017,1,16,20
194362,193652,2017,1,20,16
68265,67959,2017,1,21,12
68375,68054,2017,1,28,2
79558,79198,2017,2,7,7
72379,72049,2017,2,19,23
169794,169098,2017,2,23,19
105812,105202,2017,2,28,1
95393,94847,2017,3,12,17
171855,170881,2017,3,17,12
97686,96852,2017,3,27,7
148074,147413,2017,1,6,21
59405,59148,2017,1,21,6
78409,78115,2017,1,30,4
57631,57287,2017,2,25,7
195522,194182,2017,3,3,16
100914,100301,2017,3,16,3
68288,68014,2017,1,7,12
113196,112751,2017,1,10,0
90794,90384,2017,1,12,7
192908,192260,2017,2,14,14
73667,73319,2017,2,24,9
96024,95475,2017,4,4,0
94496,93913,2017,4,8,17
86082,85567,2017,4,9,14
81458,81091,2017,1,3,6
82188,81814,2017,1,5,6
89801,89423,2017,1,6,3
76158,75844,2017,1,6,5
78769,78430,2017,1,24,7
155203,154606,2017,2,13,21
195134,194642,2017,2,21,13
80533,79964,2017,3,1,6
96664,96068,2017,3,6,1
82963,82466,2017,3,12,14
247884,246373,2017,3,13,14
156324,155466,2017,3,14,12
184543,183388,2017,3,14,13
177664,176473,2017,3,14,17
204342,203033,2017,3,17,14
72022,71727,2017,1,26,5
57003,56763,2017,2,5,11
60560,60304,2017,2,11,5
88202,87675,2017,3,4,20
149149,148179,2017,3,15,21
82701,82173,2017,3,20,4
213410,211930,2017,3,21,15
185523,184237,2017,3,24,16
168346,167221,2017,4,3,20
86327,85689,2017,3,8,8
174492,173275,2017,3,14,18
105424,104811,2017,3,18,14
82721,82232,2017,3,31,23
107714,107026,2017,4,4,22
214703,213955,2017,1,13,15
77503,77182,2017,1,15,13
65690,65423,2017,1,29,4
222052,221308,2017,2,2,15
93669,93287,2017,2,11,15
79426,79083,2017,2,15,2
83832,83447,2017,2,15,11
101693,101283,2017,2,22,23
122564,122093,2017,2,23,22
244547,243381,2017,2,27,13
68313,67910,2017,3,5,0
171960,170942,2017,4,4,12
76519,76193,2017,2,2,6
70429,70127,2017,2,3,5
67159,66884,2017,2,5,3
77536,77214,2017,2,6,2
159299,158674,2017,2,6,21
86504,86193,2017,2,15,0
77615,77299,2017,2,21,6
162196,161611,2017,2,24,18
81809,81319,2017,2,25,0
81172,80655,2017,3,2,5
66774,66405,2017,3,5,2
175322,174165,2017,3,9,20
101733,100973,2017,3,20,9
204119,202791,2017,3,27,18
106270,105612,2017,3,27,23
149218,148292,2017,3,29,12
157936,157310,2017,1,20,20
151276,150739,2017,2,17,19
85893,85530,2017,2,19,17
100464,100072,2017,2,21,23
145296,144724,2017,2,23,21
88613,88059,2017,2,27,0
121593,120922,2017,3,3,12
67369,67015,2017,3,12,3
83156,82498,2017,3,25,21
73445,72994,2017,4,9,22
189425,188607,2017,1,11,17
99918,99508,2017,1,17,11
139287,138468,2017,2,27,22
169031,167990,2017,3,8,18
58831,58471,2017,3,18,8
173568,172469,2017,3,24,12
83761,83096,2017,3,26,23
100561,99690,2017,3,27,9
118747,118270,2017,1,9,23
88147,87769,2017,1,23,9
164014,163357,2017,2,8,18
52562,52354,2017,2,18,8
74752,74431,2017,2,19,22
160665,159960,2017,2,22,19
121890,121126,2017,3,20,22
157704,156629,2017,3,22,20
58432,57901,2017,3,26,9
75045,74628,2017,1,1,22
117134,116735,2017,1,2,13
103425,102992,2017,1,13,2
70603,70275,2017,1,22,1
81126,80803,2017,1,28,0
140940,140450,2017,2,1,13
117616,117257,2017,2,3,12
124565,124048,2017,2,7,22
65276,64985,2017,2,12,3
89146,88815,2017,2,13,1
79403,79042,2017,2,22,7
126890,126159,2017,3,2,12
66571,66152,2017,3,12,2
93088,92524,2017,3,12,16
135011,134057,2017,3,15,22
201130,200049,2017,3,16,12
201104,199649,2017,3,22,15
90700,90031,2017,3,24,23
239145,238608,2017,1,9,13
85047,84666,2017,1,13,9
101132,100697,2017,1,13,23
250770,250250,2017,1,23,13
78911,78570,2017,2,11,0
209582,208881,2017,2,16,16
187672,186451,2017,3,9,19
58271,57922,2017,3,19,9
73926,73457,2017,3,31,4
138412,137507,2017,3,31,20
159756,159078,2017,1,11,21
60377,60127,2017,1,21,11
96516,96082,2017,2,11,16
84734,84318,2017,2,11,20
243288,242750,2017,2,13,13
90932,90569,2017,2,16,11
96830,96481,2017,2,20,11
74886,74237,2017,3,25,23
72239,71899,2017,1,1,23
85454,85109,2017,1,5,10
81780,81413,2017,1,10,5
96559,96170,2017,1,23,1
77002,76650,2017,1,25,6
78157,77845,2017,1,30,3
107859,107414,2017,2,2,23
92685,92311,2017,2,23,2
88531,87978,2017,3,3,11
69607,69194,2017,3,11,3
61197,60695,2017,3,26,6
94639,94092,2017,3,30,1
83377,82958,2017,1,8,23
84935,84551,2017,1,23,8
78200,77864,2017,1,24,5
207370,206618,2017,2,6,17
148122,147533,2017,2,7,21
70452,70168,2017,2,17,6
79103,78753,2017,2,21,7
105359,104669,2017,2,27,11
187058,185818,2017,3,8,16
99887,99173,2017,3,16,8
156863,155861,2017,3,17,19
102560,101906,2017,3,19,17
86884,86307,2017,3,19,22
168766,167623,2017,3,22,19
58194,57681,2017,3,25,8
90505,89967,2017,3,30,2
227259,225969,2017,4,6,13
74338,74020,2017,1,6,8
61101,60829,2017,1,8,6
91438,90793,2017,3,6,10
198726,197360,2017,3,6,19
77684,77228,2017,3,10,6
194038,192825,2017,3,13,18
95279,94782,2017,3,18,13
59510,59171,2017,3,19,6
92736,92056,2017,3,30,9
49067,48862,2017,1,1,6
128475,127905,2017,1,2,17
102252,101790,2017,1,6,1
96429,95977,2017,1,17,2
120861,120522,2017,1,27,12
164940,164317,2017,2,1,17
52585,52358,2017,2,5,9
80035,79754,2017,2,9,5
91783,91446,2017,2,17,1
95387,94778,2017,3,11,18
144235,143248,2017,3,17,20
72938,72521,2017,3,18,11
214254,212861,2017,3,20,17
94026,93274,2017,4,4,8
98721,98004,2017,4,4,10
190209,188758,2017,4,5,15
65435,65038,2017,4,8,4
201789,201033,2017,1,24,16
94337,93948,2017,2,14,23
100538,100146,2017,2,15,23
198934,198328,2017,2,23,14
200255,199574,2017,2,23,15
58827,58500,2017,2,25,11
74867,74447,2017,3,12,13
224186,223109,2017,3,13,12
88631,87906,2017,3,27,3
195903,195155,2017,1,4,15
91500,91106,2017,1,8,15
74105,73824,2017,1,15,4
57405,57146,2017,1,15,8
157507,156845,2017,1,25,20
135765,135259,2017,1,30,22
145133,144584,2017,1,31,21
178714,177480,2017,3,24,17
174316,173063,2017,3,24,18
169156,168072,2017,3,31,17
100167,99564,2017,4,1,15
198626,197863,2017,1,3,18
104009,103482,2017,1,7,18
92487,92109,2017,1,18,3
82338,81950,2017,1,18,7
95605,95231,2017,1,25,1
83581,83230,2017,2,18,19
82921,82562,2017,2,19,18
167469,166365,2017,3,1,18
218361,217043,2017,3,7,14
85205,84586,2017,3,14,7
78493,78007,2017,3,18,1
158823,158263,2017,1,4,13
197482,196664,2017,1,10,17
206628,205846,2017,1,12,18
88290,87930,2017,1,13,4
103128,102707,2017,1,14,15
85780,85446,2017,1,15,14
89553,89127,2017,1,17,10
113587,113150,2017,1,18,12
179528,178848,2017,1,27,17
179928,179253,2017,2,7,17
72779,72505,2017,2,17,7
98024,97460,2017,3,19,19
89309,88809,2017,4,1,13
107974,107348,2017,4,6,23
92530,91935,2017,4,7,8
61615,61250,2017,4,8,7
60305,60000,2017,1,1,0
183599,182855,2017,1,25,16
72092,71758,2017,2,4,23
109334,108915,2017,2,10,22
82010,81621,2017,2,22,10
84706,84387,2017,2,23,4
184692,183672,2017,3,30,12
78361,77896,2017,4,2,23
86161,85802,2017,1,15,23
104496,104117,2017,1,20,0
259985,259204,2017,1,23,15
86411,86019,2017,1,29,15
84409,84058,2017,2,3,11
67847,67560,2017,2,11,3
188986,188308,2017,2,16,17
183140,182487,2017,2,17,16
94537,93878,2017,3,2,11
71840,71453,2017,3,11,2
67898,67367,2017,3,26,4
125728,125177,2017,1,16,22
95805,95424,2017,1,22,16
80863,80399,2017,3,11,0
85772,85186,2017,2,27,4
88975,88350,2017,3,7,9
89032,88431,2017,3,9,7
94503,93952,2017,3,19,20
192137,190767,2017,3,20,19
249137,247556,2017,3,27,15
114706,114256,2017,1,13,0
159771,159131,2017,2,10,19
195656,194892,2017,2,14,15
171160,170503,2017,2,15,14
52226,52008,2017,2,19,10
80990,80524,2017,2,25,13
170012,168871,2017,3,3,18
74170,73759,2017,3,18,3
219451,218053,2017,3,27,16
97166,96718,2017,1,28,18
75917,75592,2017,2,24,4
87577,87050,2017,3,3,3
162712,161547,2017,3,29,19
198050,196811,2017,3,31,14
189420,188699,2017,1,13,17
221428,220846,2017,1,17,13
78224,77898,2017,2,19,21
170214,169604,2017,2,21,19
168113,167086,2017,2,27,21
195405,194105,2017,3,10,16
113256,112505,2017,3,16,10
96004,95471,2017,4,8,14
122678,122168,2017,1,13,22
113914,113448,2017,1,17,23
73733,73439,2017,1,22,13
218700,217987,2017,1,23,17
104434,104049,2017,2,7,23
82871,82547,2017,2,23,7
99113,98343,2017,3,26,19
84194,83515,2017,3,26,22
182222,181030,2017,4,4,17
171532,170456,2017,4,7,18
270922,270306,2017,1,3,13
81225,80872,2017,1,4,6
82616,82232,2017,1,6,4
96072,95648,2017,1,13,3
86386,85982,2017,1,30,10
203420,202105,2017,2,28,15
148020,147157,2017,3,1,13
92007,91458,2017,3,13,1
194054,192813,2017,3,30,17
60576,60195,2017,4,1,6
93845,93243,2017,4,6,1
166585,165870,2017,1,25,18
202605,201992,2017,1,27,14
166767,166244,2017,1,31,13
94030,93469,2017,2,26,16
63924,63517,2017,3,5,5
195843,194522,2017,3,15,16
238316,236780,2017,3,16,15
110040,109336,2017,3,28,22
192998,192000,2017,4,6,12
82205,81810,2017,1,1,19
103448,103058,2017,1,19,1
85200,84839,2017,1,25,3
82823,82473,2017,1,30,9
93938,93572,2017,2,2,0
170040,169358,2017,2,9,20
203770,203074,2017,2,13,17
164145,163704,2017,2,17,13
86954,86570,2017,2,20,9
95331,94923,2017,2,20,23
158681,158078,2017,2,23,20
57524,57195,2017,2,26,11
55702,55391,2017,3,5,10
75425,74918,2017,3,10,5
78620,78023,2017,3,25,1
90748,90322,2017,1,10,10
170280,169630,2017,1,27,18
166515,165876,2017,1,27,19
121975,121183,2017,3,14,22
201646,200229,2017,3,22,14
66999,66480,2017,3,25,4
103913,103531,2017,1,9,11
95429,95002,2017,1,11,9
144730,144146,2017,1,25,21
81239,80874,2017,1,30,0
147773,146875,2017,3,8,13
86536,85945,2017,3,13,8
89165,88479,2017,3,26,21
81288,80977,2017,1,3,5
91924,91501,2017,1,5,3
139870,139319,2017,1,27,21
216043,215351,2017,2,2,16
68825,68495,2017,2,5,23
88780,88406,2017,2,16,2
180671,180029,2017,2,16,18
91724,91330,2017,2,18,16
79861,79550,2017,2,23,5
78429,77916,2017,3,1,5
66811,66428,2017,3,5,1
110770,110078,2017,3,14,23
118723,117985,2017,3,16,0
235671,234111,2017,3,23,14
117907,117271,2017,3,31,11
73648,73307,2017,1,8,0
163743,163099,2017,2,17,17
90116,89616,2017,2,26,15
93291,92706,2017,2,26,19
56371,56009,2017,3,5,8
137522,136712,2017,3,6,22
78685,78178,2017,3,8,5
192732,191551,2017,3,16,19
104029,103444,2017,3,19,16
83010,82462,2017,3,22,6
76039,75560,2017,3,24,6
78476,78169,2017,1,26,4
176698,176050,2017,2,6,20
82093,81780,2017,2,20,6
213020,211663,2017,3,13,16
236091,234609,2017,3,16,13
254199,253676,2017,1,30,13
196539,195863,2017,2,2,17
53156,52926,2017,2,4,9
83202,82846,2017,2,9,4
163873,163226,2017,2,14,19
85335,84982,2017,2,17,2
76919,76600,2017,2,19,14
57612,57291,2017,4,2,9
65137,64752,2017,4,9,2
82384,82055,2017,1,25,4
73827,73499,2017,2,3,8
85100,84720,2017,2,8,3
87587,86929,2017,3,2,8
92277,91677,2017,3,8,2
77681,77178,2017,3,11,22
117116,116405,2017,3,22,11
128194,127331,2017,3,29,21
136368,135925,2017,1,12,12
86192,85783,2017,1,21,21
88656,87966,2017,2,28,9
92924,92354,2017,4,7,7
91014,90570,2017,1,7,21
207967,207208,2017,1,13,16
202897,202369,2017,1,16,13
56254,56033,2017,1,21,7
83399,82878,2017,3,11,21
126027,125271,2017,3,21,11
204809,203518,2017,4,7,14
49448,49225,2017,1,1,11
110069,109585,2017,1,11,1
187923,187408,2017,1,13,13
83997,83610,2017,2,2,3
88210,87808,2017,2,3,2
80457,80120,2017,2,20,0
79991,79442,2017,2,28,5
92532,91957,2017,3,2,2
202342,201088,2017,3,13,17
200206,198941,2017,3,17,13
92179,91493,2017,3,28,9
74796,74369,2017,4,8,0
55828,55582,2017,1,8,8
81034,80668,2017,1,29,23
78381,78031,2017,2,2,7
76018,75671,2017,2,3,9
91706,91302,2017,2,7,2
87321,87012,2017,2,9,3
89449,88806,2017,3,2,9
95003,94390,2017,3,9,2
98548,97791,2017,3,26,15
70248,69932,2017,1,2,7
76095,75774,2017,1,7,2
259179,258462,2017,1,30,15
89213,88830,2017,1,31,2
73379,73081,2017,2,1,7
97862,97468,2017,2,7,1
172165,171658,2017,2,10,13
87424,87038,2017,2,13,10
180484,179730,2017,2,15,15
55636,55261,2017,2,25,8
53984,53702,2017,1,1,3
125197,124634,2017,1,2,18
103841,103385,2017,1,3,1
97258,96835,2017,1,18,2
174551,173891,2017,1,25,14
160314,159668,2017,2,1,18
95127,94744,2017,2,17,0
70605,70287,2017,2,18,1
95805,95209,2017,3,1,1
202682,201306,2017,3,24,15
102825,102365,2017,1,2,22
70091,69782,2017,1,22,2
91040,90683,2017,1,24,11
174934,174279,2017,1,24,19
82819,82456,2017,1,30,1
117850,117398,2017,2,1,22
126942,126582,2017,2,2,12
119755,119291,2017,2,8,22
63520,63196,2017,2,12,2
90827,90457,2017,2,22,1
81567,81207,2017,2,22,8
200886,199674,2017,3,3,15
93996,93378,2017,3,15,3
166479,165184,2017,4,5,19
59690,59334,2017,4,8,9
58631,58258,2017,4,9,8
244958,244114,2017,1,3,16
92263,91875,2017,1,16,3
165810,165189,2017,2,3,18
66432,66138,2017,2,18,3
88387,88028,2017,2,24,2
57772,57427,2017,2,26,7
185724,184507,2017,3,1,16
190580,189368,2017,3,2,18
117335,116590,2017,3,16,1
76304,75863,2017,3,18,2
84013,83621,2017,1,24,10
83588,83055,2017,3,18,0
59530,59170,2017,4,8,8
113161,112675,2017,1,18,23
185100,184411,2017,1,19,19
206676,205921,2017,1,23,18
85856,85452,2017,1,25,11
86657,86302,2017,1,26,11
84610,84248,2017,2,8,9
83525,83152,2017,2,9,8
74670,74364,2017,1,8,13
82478,82099,2017,1,13,8
96866,96459,2017,2,4,15
86407,86025,2017,2,8,11
51499,51278,2017,2,11,8
75082,74768,2017,2,15,4
90495,89897,2017,3,25,13
92446,91924,2017,4,2,15
173774,173118,2017,2,7,19
183914,183229,2017,2,9,18
52231,52022,2017,2,18,9
54010,53759,2017,2,19,7
132221,131422,2017,3,9,22
103601,102955,2017,3,17,22
94727,93996,2017,3,22,9
182638,181411,2017,3,22,17
75024,74617,2017,4,9,23
63023,62742,2017,1,28,4
54543,54303,2017,1,29,6
52202,51976,2017,1,29,7
86927,86556,2017,2,12,15
105462,105033,2017,2,15,12
171616,170452,2017,3,7,20
90681,90079,2017,3,20,7
72038,71699,2017,1,2,0
148593,148039,2017,1,12,22
65222,64972,2017,1,22,12
72768,72431,2017,1,28,23
94781,94403,2017,2,1,0
213404,212678,2017,1,30,17
163856,163286,2017,1,30,21
198118,197479,2017,2,10,15
79351,78999,2017,2,15,10
161359,160715,2017,2,15,19
140670,140132,2017,2,17,20
82521,82184,2017,2,19,15
158640,158031,2017,2,20,17
138011,137107,2017,3,3,21
90228,89665,2017,3,21,3
60232,59728,2017,3,26,7
102744,102135,2017,2,25,16
167999,166932,2017,3,14,19
96046,95505,2017,3,19,14
104492,103882,2017,3,22,0
166278,165133,2017,3,31,18
86027,85651,2017,1,4,4
77142,76787,2017,1,6,10
84452,84084,2017,1,10,6
93666,93257,2017,1,15,21
98100,97715,2017,1,21,15
191004,190329,2017,2,13,18
74885,74630,2017,2,18,13
222841,221417,2017,3,9,15
88971,88420,2017,3,12,15
98438,97669,2017,3,15,9
161440,160464,2017,3,15,12
63253,62883,2017,4,1,4
93423,92854,2017,4,4,1
82696,82320,2017,1,5,7
66321,66023,2017,1,7,5
81866,81507,2017,1,31,10
162865,161901,2017,2,24,19
63351,62939,2017,2,25,5
81409,80798,2017,3,3,9
90836,90272,2017,3,9,3
196723,195455,2017,3,14,14
97372,96943,2017,1,8,16
90180,89750,2017,1,16,8
268919,268254,2017,2,13,14
162948,162449,2017,2,14,13
89329,88820,2017,3,5,15
83165,82600,2017,3,15,5
89850,89325,2017,3,19,21
207364,205996,2017,3,21,19
65216,64853,2017,4,9,11
55896,55655,2017,1,29,11
95045,94667,2017,1,29,17
187179,185932,2017,3,8,15
113336,112663,2017,3,10,22
95828,95165,2017,3,15,8
100024,99308,2017,3,22,10
78066,77698,2017,1,7,23
84295,83928,2017,1,23,7
72706,72398,2017,2,6,0
140233,139634,2017,2,8,21
80151,79786,2017,2,21,8
89954,89483,2017,3,4,14
172379,171407,2017,3,10,13
103801,103157,2017,3,13,10
80139,79636,2017,3,14,4
80227,79691,2017,3,24,7
262747,261146,2017,4,3,14
79027,78701,2017,1,30,2
192839,192271,2017,2,24,14
111326,110665,2017,2,24,22
100590,99976,2017,3,4,17
81281,80808,2017,3,17,4
104440,103629,2017,3,25,17
98540,97789,2017,3,25,18
183953,182748,2017,3,28,18
204367,203071,2017,4,3,17
181370,180092,2017,4,5,13
82446,82054,2017,1,1,18
102126,101723,2017,1,18,1
165855,165446,2017,1,30,12
76499,76195,2017,2,11,13
102814,102472,2017,2,13,11
125595,125134,2017,2,17,21
185143,184495,2017,2,21,17
101490,100910,2017,3,10,0
182394,181165,2017,3,14,16
242983,241392,2017,3,16,14
218323,216932,2017,3,30,13
185502,184690,2017,1,11,19
99349,98904,2017,1,15,20
93099,92736,2017,1,19,11
207795,207027,2017,1,20,15
108920,108509,2017,2,6,23
101926,101528,2017,2,7,0
176869,176367,2017,2,9,13
85341,84955,2017,2,13,9
153368,152763,2017,2,14,20
206137,205572,2017,2,20,14
81377,81043,2017,2,23,6
198175,196861,2017,3,14,15
207770,206296,2017,3,15,14
201405,200138,2017,3,28,13
198588,197309,2017,3,30,16
50953,50742,2017,1,29,9
111917,111479,2017,1,30,23
152880,152302,2017,2,16,21
208959,208236,2017,2,21,16
74610,74173,2017,3,5,13
72663,72191,2017,3,13,5
89032,88550,2017,4,8,13
100706,100249,2017,1,11,11
151518,150478,2017,4,5,12
140137,139350,2017,4,6,11
84334,83959,2017,1,1,17
262803,261957,2017,1,3,15
74290,73983,2017,1,15,3
102202,101740,2017,1,17,1
83189,82806,2017,2,3,3
187402,186218,2017,3,1,15
89272,88681,2017,3,2,3
93315,92702,2017,3,3,2
81400,80809,2017,3,3,10
87174,86556,2017,3,6,6
87346,86768,2017,3,10,3
103228,102581,2017,3,15,1
46454,46239,2017,1,1,7
81580,81235,2017,1,7,1
150035,149425,2017,1,24,21
252637,252123,2017,2,6,13
82287,81959,2017,2,13,6
162505,161813,2017,1,16,19
210298,209568,2017,1,19,16
81289,80957,2017,2,12,22
108480,108056,2017,2,22,12
67944,67554,2017,3,4,4
182205,180903,2017,3,15,18
219574,218111,2017,3,16,16
109382,108732,2017,3,18,15
83791,83308,2017,4,3,4
81869,81354,2017,4,4,3
133554,133023,2017,1,2,15
73790,73458,2017,1,15,2
58744,58473,2017,1,28,5
96338,95996,2017,1,31,1
179564,178872,2017,2,1,15
82699,82349,2017,2,15,1
91888,91243,2017,3,26,14
96209,95606,2017,4,5,23
175875,174808,2017,4,7,17
91077,90676,2017,1,5,11
88986,88634,2017,1,11,5
104390,103931,2017,1,17,0
82733,82207,2017,2,27,5
195778,194538,2017,3,9,17
89900,89252,2017,3,17,9
74898,74413,2017,4,8,21
196347,195608,2017,1,9,20
104738,104225,2017,1,14,18
187189,186534,2017,1,18,14
80413,80016,2017,1,20,9
177877,177277,2017,1,24,18
76498,76153,2017,1,27,9
220345,219737,2017,2,2,14
195054,194423,2017,2,3,15
86807,86429,2017,2,5,15
123555,123151,2017,2,9,12
52519,52295,2017,2,12,9
90367,90009,2017,2,14,2
77673,77368,2017,2,15,3
72092,71811,2017,2,15,5
221675,220371,2017,3,2,15
99179,98543,2017,3,15,2
95425,94796,2017,3,24,10
192045,190785,2017,3,27,19
92430,91709,2017,3,28,8
208692,207274,2017,3,28,14
125982,125228,2017,4,4,11
50504,50279,2017,1,1,5
97611,97196,2017,1,5,1
81117,80753,2017,2,8,8
173634,172964,2017,2,8,14
78869,78511,2017,2,14,8
98121,97543,2017,3,9,0
97851,97473,2017,1,2,12
110476,109977,2017,1,12,2
162128,161462,2017,1,13,20
101115,100636,2017,1,15,19
213092,212382,2017,1,19,15
181438,180881,2017,1,20,13
90057,89652,2017,1,24,3
77102,76806,2017,1,28,13
104679,104306,2017,2,1,12
64283,63988,2017,2,12,1
241434,239905,2017,2,27,16
98506,97915,2017,3,24,1
60907,60434,2017,3,26,10
100842,100258,2017,3,28,0
172998,171824,2017,3,29,17
92788,92406,2017,1,29,16
98769,98175,2017,2,25,15
66462,66072,2017,4,8,23
84193,83842,2017,2,13,0
90368,89804,2017,2,26,20
192323,191596,2017,1,6,17
164898,164221,2017,1,16,18
81126,80764,2017,1,17,6
196400,195580,2017,1,18,16
79856,79577,2017,1,27,4
73590,73295,2017,1,31,6
122496,121791,2017,2,28,12
208469,207048,2017,3,15,15
93487,92951,2017,3,5,16
87561,86991,2017,3,16,5
169176,168230,2017,3,28,12
153879,152866,2017,4,4,20
45816,45620,2017,1,1,10
73453,73100,2017,1,2,2
100377,99937,2017,1,3,0
83992,83597,2017,1,5,8
100959,100483,2017,1,7,15
66430,66145,2017,1,8,5
107507,107056,2017,1,10,1
59136,58867,2017,1,15,7
85513,85183,2017,2,1,2
91776,91412,2017,2,2,1
91609,91106,2017,2,25,14
104850,104238,2017,2,28,23
96930,96330,2017,3,1,0
88058,87428,2017,3,7,10
80723,80220,2017,3,10,7
179592,178433,2017,3,16,20
228351,226828,2017,3,20,16
106301,105588,2017,4,5,22
165627,164915,2017,1,10,21
131955,131360,2017,1,18,22
55633,55393,2017,1,21,10
96765,96333,2017,1,22,18
94655,94215,2017,2,4,18
63950,63692,2017,2,18,4
90380,89796,2017,3,5,20
202386,201360,2017,3,7,13
84210,83641,2017,3,13,7
79577,79076,2017,3,20,5
92525,91956,2017,4,2,18
80876,80371,2017,4,5,5
87236,86840,2017,1,5,9
83147,82849,2017,1,9,5
83966,83620,2017,1,27,3
154852,154274,2017,2,17,18
91020,90597,2017,2,18,17
55674,55359,2017,2,25,10
97764,97001,2017,3,27,1
118993,118489,2017,1,10,23
90381,89985,2017,1,23,10
100226,99762,2017,1,28,17
108202,107522,2017,3,22,23
118462,117717,2017,3,23,22
86200,85680,2017,3,30,3
175220,174769,2017,1,3,12
104232,103830,2017,1,12,3
142671,142203,2017,1,25,13
71816,71488,2017,2,24,6
109093,108373,2017,3,1,12
99828,99207,2017,3,8,0
65086,64704,2017,3,12,1
